QR БО1/БР;QR БО2 лист1;QR БО2 лист1;QR ДБО/QR ДБО физика;Код региона;Код предмета;Название предмета;Дата экзамена;Получатель;Имя комплекта;Номер БО1/БР;Номер БО2 лист1;Номер БО2 лист2;Номер КИМ;Номер ДБО/Номер ДБО физика;Номер варианта;Имя файла КИМ
2216004700411000000000000006A2A39ACFEAD4044283503F75CC9DC4AA4748A86AA4BE4B8B988FAF3;2226004700595000000000000006A2BBDACE6ED41C0282D43F6D8C9C40AA5F08A9EEA4A60B8A1C8FB77;2246004700258222600470059506A2C70AC9A3D460D285193F115C9B8DAA23D8AE23A4DADB8DD18FCBA;;66;6;Био;15-06-22;ген;Комплект_1;2216004700411;2226004700595;2246004700258;00470002;;53525;task_bio_v53525.tix
2216004700428000000000000006A2A00ACFD3D407D283693F765C9DFDAA44D8A853A4BDDB8BA18FACA;2226004700601000000000000006A2829ACDFAD4254281403F54CC9FD4AA6648AA7AA49F4B89888F8E3;2246004700265222600470060106A2C4DAC99ED4630285243F128C9BB0AA2008AE1EA4D90B8DEC8FC87;;66;6;Био;15-06-22;ген;Комплект_1;2216004700428;2226004700601;2246004700265;00470003;;51941;task_bio_v51941.tix
2216004700435000000000000006A2A1DACFCED4060283743F778C9DE0AA4508A84EA4BC0B8BBC8FAD7;2226004700618000000000000006A2830ACDE3D424D281593F555C9FCDAA67D8AA63A49EDB89918F8FA;2246004700272222600470061806A2C5AAC989D4627285333F13FC9BA7AA2178AE09A4D87B8DFB8FC90;;66;6;Био;15-06-22;ген;Комплект_1;2216004700435;2226004700618;2246004700272;00470004;;52733;task_bio_v52733.tix
2216004700442000000000000006A2A6AACFB9D4017283033F70FC9D97AA4278A839A4BB7B8BCB8FAA1;2226004700625000000000000006A280DACDDED4270281643F568C9FF0AA6408AA5EA49D0B89AC8F8C6;2246004700289222600470062506A2CA1AC972D46DC285C83F1C4C9B5CAA2EC8AEF2A4D7CB8D008FC6A;;66;6;Био;15-06-22;ген;Комплект_1;2216004700442;2226004700625;2246004700289;00470005;;54317;task_bio_v54317.tix
2216004700459000000000000006A2A71ACFA2D400C283183F714C9D8CAA43C8A822A4BACB8BD08FABA;2226004700632000000000000006A281AACDC9D4267281733F57FC9FE7AA6578AA49A49C7B89BB8F8D1;2246004700296222600470063206A2CBEAC96DD46C3285D73F1DBC9B43AA2F38AEEDA4D63B8D1F8FC75;;66;6;Био;15-06-22;ген;Комплект_1;2216004700459;2226004700632;2246004700296;00470006;;51941;task_bio_v51941.tix
2216004700466000000000000006A2A4EACF9DD4033283273F72BC9DB3AA4038A81DA4B93B8BEF8FA85;2226004700649000000000000006A2861ACDB2D421C281083F504C9F9CAA62C8AA32A49BCB89C08F8AA;2246004700302222600470064906A2D2AAC8F9D4757284433F04FC9AD7AA3678AF79A4CF7B8C8B8FDE1;;66;6;Био;15-06-22;ген;Комплект_1;2216004700466;2226004700649;2246004700302;00470007;;53525;task_bio_v53525.tix
2216004700473000000000000006A2A5BACF88D4026283323F73EC9DA6AA4168A808A4B86B8BFA8FA90;2226004700656000000000000006A287EACDADD4203281173F51BC9F83AA6338AA2DA49A3B89DF8F8B5;2246004700319222600470065606A2D31AC8E2D474C284583F054C9ACCAA37C8AF62A4CECB8C908FDFA;;66;6;Био;15-06-22;ген;Комплект_1;2216004700473;2226004700656;2246004700319;00470008;;52733;task_bio_v52733.tix
2216004700480000000000000006A2AA8ACF7BD40D5283C13F7CDC9D55AA4E58A8FBA4B75B8B098FA63;2226004700663000000000000006A284BACD98D4236281223F52EC9FB6AA6068AA18A4996B89EA8F880;2246004700326222600470066306A2D0EAC8DDD4773284673F06BC9AF3AA3438AF5DA4CD3B8CAF8FDC5;;66;6;Био;15-06-22;ген;Комплект_1;2216004700480;2226004700663;2246004700326;00470009;;54317;task_bio_v54317.tix
2216004700497000000000000006A2ABFACF6CD40C2283D63F7DAC9D42AA4F28A8ECA4B62B8B1E8FA74;2226004700670000000000000006A2858ACD8BD4225281313F53DC9FA5AA6158AA0BA4985B89F98F893;2246004700333222600470067006A2D1BAC8C8D4766284723F07EC9AE6AA3568AF48A4CC6B8CBA8FDD0;;66;6;Био;15-06-22;ген;Комплект_1;2216004700497;2226004700670;2246004700333;00470010;;53525;task_bio_v53525.tix
2216004700503000000000000006A2B2BACEF8D4156282423F64EC9CD6AA5668A978A4AF6B8A8A8FBE0;2226004700687000000000000006A28AFACD7CD42D2281C63F5CAC9F52AA6E28AAFCA4972B890E8F864;2246004700340222600470068706A2D68AC8BBD4715284013F00DC9A95AA3258AF3BA4CB5B8CC98FDA3;;66;6;Био;15-06-22;ген;Комплект_1;2216004700503;2226004700687;2246004700340;00470011;;52733;task_bio_v52733.tix
2216004700510000000000000006A2B38ACEEBD4145282513F65DC9CC5AA5758A96BA4AE5B8A998FBF3;2226004700694000000000000006A28BCACD6FD42C1281D53F5D9C9F41AA6F18AAEFA4961B891D8F877;2246004700357222600470069406A2D7FAC8ACD4702284163F01AC9A82AA3328AF2CA4CA2B8CDE8FDB4;;66;6;Био;15-06-22;ген;Комплект_1;2216004700510;2226004700694;2246004700357;00470012;;54317;task_bio_v54317.tix
2216004700527000000000000006A2B0FACEDCD4172282663F66AC9CF2AA5428A95CA4AD2B8AAE8FBC4;2226004700700000000000000006A2928ACCFBD4355280413F44DC9ED5AA7658AB7BA48F5B88898F9E3;2246004700364222600470070006A2D4CAC89FD4731284253F029C9AB1AA3018AF1FA4C91B8CED8FD87;;66;6;Био;15-06-22;ген;Комплект_1;2216004700527;2226004700700;2246004700364;00470013;;51941;task_bio_v51941.tix
2216004700534000000000000006A2B1CACECFD4161282753F679C9CE1AA5518A94FA4AC1B8ABD8FBD7;2226004700717000000000000006A293FACCECD4342280563F45AC9EC2AA7728AB6CA48E2B889E8F9F4;2246004700371222600470071706A2D59AC88AD4724284303F03CC9AA4AA3148AF0AA4C84B8CF88FD92;;66;6;Био;15-06-22;ген;Комплект_1;2216004700534;2226004700717;2246004700371;00470014;;54317;task_bio_v54317.tix
2216004700541000000000000006A2B69ACEBAD4114282003F60CC9C94AA5248A93AA4AB4B8AC88FBA2;2226004700724000000000000006A290CACCDFD4371280653F469C9EF1AA7418AB5FA48D1B88AD8F9C7;2246004700388222600470072406A2DA0AC873D47DD284C93F0C5C9A5DAA3ED8AFF3A4C7DB8C018FD6B;;66;6;Био;15-06-22;ген;Комплект_1;2216004700541;2226004700724;2246004700388;00470015;;52733;task_bio_v52733.tix
2216004700558000000000000006A2B70ACEA3D410D282193F615C9C8DAA53D8A923A4AADB8AD18FBBB;2226004700731000000000000006A2919ACCCAD4364280703F47CC9EE4AA7548AB4AA48C4B88B88F9D2;2246004700395222600470073106A2DBDAC86ED47C0284D43F0D8C9A40AA3F08AFEEA4C60B8C1C8FD76;;66;6;Био;15-06-22;ген;Комплект_1;2216004700558;2226004700731;2246004700395;00470016;;51941;task_bio_v51941.tix
2216004700565000000000000006A2B4DACE9ED4130282243F628C9CB0AA5008A91EA4A90B8AEC8FB8D;2226004700748000000000000006A2960ACCB3D431D280093F405C9E9DAA72D8AB33A48BDB88C18F9A0;2246004700401222600470074806A2A29ACFFAD4054283403F74CC9DD4AA4648A87AA4BF4B8B888FAE9;;66;6;Био;15-06-22;ген;Комплект_2;2216004700565;2226004700748;2246004700401;00470017;;52733;task_bio_v52733.tix
2216004700572000000000000006A2B5AACE89D4127282333F63FC9CA7AA5178A909A4A87B8AFB8FB9A;2226004700755000000000000006A297DACCAED4300280143F418C9E80AA7308AB2EA48A0B88DC8F9BD;2246004700418222600470075506A2A30ACFE3D404D283593F755C9DCDAA47D8A863A4BEDB8B918FAF0;;66;6;Био;15-06-22;ген;Комплект_2;2216004700572;2226004700755;2246004700418;00470018;;54317;task_bio_v54317.tix
2216004700589000000000000006A2BA1ACE72D41DC282C83F6C4C9C5CAA5EC8A9F2A4A7CB8A008FB61;2226004700762000000000000006A294AACC99D4337280233F42FC9EB7AA7078AB19A4897B88EB8F98A;2246004700425222600470076206A2A0DACFDED4070283643F768C9DF0AA4408A85EA4BD0B8BAC8FACD;;66;6;Био;15-06-22;ген;Комплект_2;2216004700589;2226004700762;2246004700425;00470019;;51941;task_bio_v51941.tix
2216004700596000000000000006A2BBEACE6DD41C3282D73F6DBC9C43AA5F38A9EDA4A63B8A1F8FB7E;2226004700779000000000000006A2951ACC82D432C280383F434C9EACAA71C8AB02A488CB88F08F991;2246004700432222600470077906A2A1AACFC9D4067283733F77FC9DE7AA4578A849A4BC7B8BBB8FADA;;66;6;Био;15-06-22;ген;Комплект_2;2216004700596;2226004700779;2246004700432;00470020;;53525;task_bio_v53525.tix
2216004700602000000000000006A282AACDF9D4257281433F54FC9FD7AA6678AA79A49F7B898B8F8EA;2226004700786000000000000006A29AEACC7DD43D3280C73F4CBC9E53AA7E38ABFDA4873B880F8F96E;2246004700449222600470078606A2A61ACFB2D401C283083F704C9D9CAA42C8A832A4BBCB8BC08FAA1;;66;6;Био;15-06-22;ген;Комплект_2;2216004700602;2226004700786;2246004700449;00470021;;54317;task_bio_v54317.tix
2216004700619000000000000006A2831ACDE2D424C281583F554C9FCCAA67C8AA62A49ECB89908F8F1;2226004700793000000000000006A29BBACC68D43C6280D23F4DEC9E46AA7F68ABE8A4866B881A8F97B;2246004700456222600470079306A2A7EACFADD4003283173F71BC9D83AA4338A82DA4BA3B8BDF8FABE;;66;6;Био;15-06-22;ген;Комплект_2;2216004700619;2226004700793;2246004700456;00470022;;51941;task_bio_v51941.tix
2216004700626000000000000006A280EACDDDD4273281673F56BC9FF3AA6438AA5DA49D3B89AF8F8CE;2226004700809000000000000006A2621AC3F2D4C5C28F483FB44C91DCAA86C8A472A47FCB87808F6E0;2246004700463222600470080906A2A4BACF98D4036283223F72EC9DB6AA4068A818A4B96B8BEA8FA8A;;66;6;Био;15-06-22;ген;Комплект_2;2216004700626;2226004700809;2246004700463;00470023;;52733;task_bio_v52733.tix
2216004700633000000000000006A281BACDC8D4266281723F57EC9FE6AA6568AA48A49C6B89BA8F8DA;2226004700816000000000000006A263EAC3EDD4C4328F573FB5BC91C3AA8738A46DA47E3B879F8F6FF;2246004700470222600470081606A2A58ACF8BD4025283313F73DC9DA5AA4158A80BA4B85B8BF98FA99;;66;6;Био;15-06-22;ген;Комплект_2;2216004700633;2226004700816;2246004700470;00470024;;53525;task_bio_v53525.tix
2216004700640000000000000006A2868ACDBBD4215281013F50DC9F95AA6258AA3BA49B5B89C98F8A9;2226004700823000000000000006A260BAC3D8D4C7628F623FB6EC91F6AA8468A458A47D6B87AA8F6CA;2246004700487222600470082306A2AAFACF7CD40D2283C63F7CAC9D52AA4E28A8FCA4B72B8B0E8FA6E;;66;6;Био;15-06-22;ген;Комплект_2;2216004700640;2226004700823;2246004700487;00470025;;52733;task_bio_v52733.tix
2216004700657000000000000006A287FACDACD4202281163F51AC9F82AA6328AA2CA49A2B89DE8F8BE;2226004700830000000000000006A2618AC3CBD4C6528F713FB7DC91E5AA8558A44BA47C5B87B98F6D9;2246004700494222600470083006A2ABCACF6FD40C1283D53F7D9C9D41AA4F18A8EFA4B61B8B1D8FA7D;;66;6;Био;15-06-22;ген;Комплект_2;2216004700657;2226004700830;2246004700494;00470026;;51941;task_bio_v51941.tix
2216004700664000000000000006A284CACD9FD4231281253F529C9FB1AA6018AA1FA4991B89ED8F88D;2226004700847000000000000006A266FAC3BCD4C1228F063FB0AC9192AA8228A43CA47B2B87CE8F6AE;2246004700500222600470084706A2B28ACEFBD4155282413F64DC9CD5AA5658A97BA4AF5B8A898FBE9;;66;6;Био;15-06-22;ген;Комплект_2;2216004700664;2226004700847;2246004700500;00470027;;53525;task_bio_v53525.tix
2216004700671000000000000006A2859ACD8AD4224281303F53CC9FA4AA6148AA0AA4984B89F88F898;2226004700854000000000000006A267CAC3AFD4C0128F153FB19C9181AA8318A42FA47A1B87DD8F6BD;2246004700517222600470085406A2B3FACEECD4142282563F65AC9CC2AA5728A96CA4AE2B8A9E8FBFE;;66;6;Био;15-06-22;ген;Комплект_2;2216004700671;2226004700854;2246004700517;00470028;;54317;task_bio_v54317.tix
2216004700688000000000000006A28A0ACD73D42DD281C93F5C5C9F5DAA6ED8AAF3A497DB89018F861;2226004700861000000000000006A2649AC39AD4C3428F203FB2CC91B4AA8048A41AA4794B87E88F688;2246004700524222600470086106A2B0CACEDFD4171282653F669C9CF1AA5418A95FA4AD1B8AAD8FBCD;;66;6;Био;15-06-22;ген;Комплект_2;2216004700688;2226004700861;2246004700524;00470029;;52733;task_bio_v52733.tix
2216004700695000000000000006A28BDACD6ED42C0281D43F5D8C9F40AA6F08AAEEA4960B891C8F87C;2226004700878000000000000006A2650AC383D4C2D28F393FB35C91ADAA81D8A403A478DB87F18F691;2246004700531222600470087806A2B19ACECAD4164282703F67CC9CE4AA5548A94AA4AC4B8AB88FBD8;;66;6;Био;15-06-22;ген;Комплект_2;2216004700695;2226004700878;2246004700531;00470030;;51941;task_bio_v51941.tix
2216004700701000000000000006A2929ACCFAD4354280403F44CC9ED4AA7648AB7AA48F4B88888F9E8;2226004700885000000000000006A26ADAC37ED4CD028FC43FBC8C9150AA8E08A4FEA4770B870C8F66C;2246004700548222600470088506A2B60ACEB3D411D282093F605C9C9DAA52D8A933A4ABDB8AC18FBA1;;66;6;Био;15-06-22;ген;Комплект_2;2216004700701;2226004700885;2246004700548;00470031;;53525;task_bio_v53525.tix
2216004700718000000000000006A2930ACCE3D434D280593F455C9ECDAA77D8AB63A48EDB88918F9F6;2226004700892000000000000006A26BAAC369D4CC728FD33FBDFC9147AA8F78A4E9A4767B871B8F67C;2246004700555222600470089206A2B7DACEAED4100282143F618C9C80AA5308A92EA4AA0B8ADC8FBBB;;66;6;Био;15-06-22;ген;Комплект_3;2216004700718;2226004700892;2246004700555;00470032;;53525;task_bio_v53525.tix
2216004700725000000000000006A290DACCDED4370280643F468C9EF0AA7408AB5EA48D0B88AC8F9CB;2226004700908000000000000006A2720AC2F3D4D5D28E493FA45C90DDAA96D8A573A46FDB86818F7E6;2246004700562222600470090806A2B4AACE99D4137282233F62FC9CB7AA5078A919A4A97B8AEB8FB8C;;66;6;Био;15-06-22;ген;Комплект_3;2216004700725;2226004700908;2246004700562;00470033;;54317;task_bio_v54317.tix
2216004700732000000000000006A291AACCC9D4367280733F47FC9EE7AA7578AB49A48C7B88BB8F9DC;2226004700915000000000000006A273DAC2EED4D4028E543FA58C90C0AA9708A56EA46E0B869C8F7FB;2246004700579222600470091506A2B51ACE82D412C282383F634C9CACAA51C8A902A4A8CB8AF08FB97;;66;6;Био;15-06-22;ген;Комплект_3;2216004700732;2226004700915;2246004700579;00470034;;52733;task_bio_v52733.tix
2216004700749000000000000006A2961ACCB2D431C280083F404C9E9CAA72C8AB32A48BCB88C08F9A7;2226004700922000000000000006A270AAC2D9D4D7728E633FA6FC90F7AA9478A559A46D7B86AB8F7CC;2246004700586222600470092206A2BAEACE7DD41D3282C73F6CBC9C53AA5E38A9FDA4A73B8A0F8FB68;;66;6;Био;15-06-22;ген;Комплект_3;2216004700749;2226004700922;2246004700586;00470035;;51941;task_bio_v51941.tix
2216004700756000000000000006A297EACCADD4303280173F41BC9E83AA7338AB2DA48A3B88DF8F9B8;2226004700939000000000000006A2711AC2C2D4D6C28E783FA74C90ECAA95C8A542A46CCB86B08F7D7;2246004700593222600470093906A2BBBACE68D41C6282D23F6DEC9C46AA5F68A9E8A4A66B8A1A8FB7D;;66;6;Био;15-06-22;ген;Комплект_3;2216004700756;2226004700939;2246004700593;00470036;;53525;task_bio_v53525.tix
2216004700763000000000000006A294BACC98D4336280223F42EC9EB6AA7068AB18A4896B88EA8F98D;2226004700946000000000000006A276EAC2BDD4D1328E073FA0BC9093AA9238A53DA46B3B86CF8F7A8;2246004700609222600470094606A2821ACDF2D425C281483F544C9FDCAA66C8AA72A49FCB89808F8E7;;66;6;Био;15-06-22;ген;Комплект_3;2216004700763;2226004700946;2246004700609;00470037;;51941;task_bio_v51941.tix
2216004700770000000000000006A2958ACC8BD4325280313F43DC9EA5AA7158AB0BA4885B88F98F99F;2226004700953000000000000006A277BAC2A8D4D0628E123FA1EC9086AA9368A528A46A6B86DA8F7BC;2246004700616222600470095306A283EACDEDD4243281573F55BC9FC3AA6738AA6DA49E3B899F8F8F9;;66;6;Био;15-06-22;ген;Комплект_3;2216004700770;2226004700953;2246004700616;00470038;;52733;task_bio_v52733.tix
2216004700787000000000000006A29AFACC7CD43D2280C63F4CAC9E52AA7E28ABFCA4872B880E8F968;2226004700960000000000000006A2748AC29BD4D3528E213FA2DC90B5AA9058A51BA4695B86E98F78F;2246004700623222600470096006A280BACDD8D4276281623F56EC9FF6AA6468AA58A49D6B89AA8F8CC;;66;6;Био;15-06-22;ген;Комплект_3;2216004700787;2226004700960;2246004700623;00470039;;54317;task_bio_v54317.tix
2216004700794000000000000006A29BCACC6FD43C1280D53F4D9C9E41AA7F18ABEFA4861B881D8F97B;2226004700977000000000000006A275FAC28CD4D2228E363FA3AC90A2AA9128A50CA4682B86FE8F798;2246004700630222600470097706A2818ACDCBD4265281713F57DC9FE5AA6558AA4BA49C5B89B98F8DF;;66;6;Био;15-06-22;ген;Комплект_3;2216004700794;2226004700977;2246004700630;00470040;;53525;task_bio_v53525.tix
2216004700800000000000000006A2628AC3FBD4C5528F413FB4DC91D5AA8658A47BA47F5B87898F6EF;2226004700984000000000000006A27ACAC27FD4DD128EC53FAC9C9051AA9E18A5FFA4671B860D8F76B;2246004700647222600470098406A286FACDBCD4212281063F50AC9F92AA6228AA3CA49B2B89CE8F8A8;;66;6;Био;15-06-22;ген;Комплект_3;2216004700800;2226004700984;2246004700647;00470041;;54317;task_bio_v54317.tix
2216004700817000000000000006A263FAC3ECD4C4228F563FB5AC91C2AA8728A46CA47E2B879E8F6F8;2226004700991000000000000006A27B9AC26AD4DC428ED03FADCC9044AA9F48A5EAA4664B86188F77E;2246004700654222600470099106A287CACDAFD4201281153F519C9F81AA6318AA2FA49A1B89DD8F8BB;;66;6;Био;15-06-22;ген;Комплект_3;2216004700817;2226004700991;2246004700654;00470042;;51941;task_bio_v51941.tix
2216004700824000000000000006A260CAC3DFD4C7128F653FB69C91F1AA8418A45FA47D1B87AD8F6CB;2226004701004000000000000006A3E2CADBFFD5451297453E349C89D1AB0618BC7FA5FF1B9F8D8EEEB;2246004700661222600470100406A2849ACD9AD4234281203F52CC9FB4AA6048AA1AA4994B89E88F88E;;66;6;Био;15-06-22;ген;Комплект_3;2216004700824;2226004701004;2246004700661;00470043;;52733;task_bio_v52733.tix
2216004700831000000000000006A2619AC3CAD4C6428F703FB7CC91E4AA8548A44AA47C4B87B88F6DE;2226004701011000000000000006A3E39ADBEAD5444297503E35CC89C4AB0748BC6AA5FE4B9F988EEFE;2246004700678222600470101106A2850ACD83D422D281393F535C9FADAA61D8AA03A498DB89F18F897;;66;6;Био;15-06-22;ген;Комплект_3;2216004700831;2226004701011;2246004700678;00470044;;53525;task_bio_v53525.tix
2216004700848000000000000006A2660AC3B3D4C1D28F093FB05C919DAA82D8A433A47BDB87C18F6A7;2226004701028000000000000006A3E00ADBD3D547D297693E365C89FDAB04D8BC53A5FDDB9FA18EEC7;2246004700685222600470102806A28ADACD7ED42D0281C43F5C8C9F50AA6E08AAFEA4970B890C8F86A;;66;6;Био;15-06-22;ген;Комплект_3;2216004700848;2226004701028;2246004700685;00470045;;51941;task_bio_v51941.tix
2216004700855000000000000006A267DAC3AED4C0028F143FB18C9180AA8308A42EA47A0B87DC8F6BA;2226004701035000000000000006A3E1DADBCED5460297743E378C89E0AB0508BC4EA5FC0B9FBC8EEDA;2246004700692222600470103506A28BAACD69D42C7281D33F5DFC9F47AA6F78AAE9A4967B891B8F87D;;66;6;Био;15-06-22;ген;Комплект_3;2216004700855;2226004701035;2246004700692;00470046;;54317;task_bio_v54317.tix
2216004700862000000000000006A264AAC399D4C3728F233FB2FC91B7AA8078A419A4797B87EB8F696;2226004701042000000000000006A3E6AADBB9D5417297033E30FC8997AB0278BC39A5FB7B9FCB8EEB6;2246004700708222600470104206A2920ACCF3D435D280493F445C9EDDAA76D8AB73A48FDB88818F9FC;;66;6;Био;15-06-22;ген;Комплект_4;2216004700862;2226004701042;2246004700708;00470047;;52733;task_bio_v52733.tix
2216004700879000000000000006A2651AC382D4C2C28F383FB34C91ACAA81C8A402A478CB87F08F68D;2226004701059000000000000006A3E71ADBA2D540C297183E314C898CAB03C8BC22A5FACB9FD08EEAD;2246004700715222600470105906A293DACCEED4340280543F458C9EC0AA7708AB6EA48E0B889C8F9E1;;66;6;Био;15-06-22;ген;Комплект_4;2216004700879;2226004701059;2246004700715;00470048;;51941;task_bio_v51941.tix
2216004700886000000000000006A26AEAC37DD4CD328FC73FBCBC9153AA8E38A4FDA4773B870F8F672;2226004701066000000000000006A3E4EADB9DD5433297273E32BC89B3AB0038BC1DA5F93B9FEF8EE92;2246004700722222600470106606A290AACCD9D4377280633F46FC9EF7AA7478AB59A48D7B88AB8F9D6;;66;6;Био;15-06-22;ген;Комплект_4;2216004700886;2226004701066;2246004700722;00470049;;53525;task_bio_v53525.tix
2216004700893000000000000006A26BBAC368D4CC628FD23FBDEC9146AA8F68A4E8A4766B871A8F667;2226004701073000000000000006A3E5BADB88D5426297323E33EC89A6AB0168BC08A5F86B9FFA8EE87;2246004700739222600470107306A2911ACCC2D436C280783F474C9EECAA75C8AB42A48CCB88B08F9CD;;66;6;Био;15-06-22;ген;Комплект_4;2216004700893;2226004701073;2246004700739;00470050;;54317;task_bio_v54317.tix
2216004700909000000000000006A2721AC2F2D4D5C28E483FA44C90DCAA96C8A572A46FCB86808F7FD;2226004701080000000000000006A3EA8ADB7BD54D5297C13E3CDC8955AB0E58BCFBA5F75B9F098EE74;2246004700746222600470108006A296EACCBDD4313280073F40BC9E93AA7238AB3DA48B3B88CF8F9B2;;66;6;Био;15-06-22;ген;Комплект_4;2216004700909;2226004701080;2246004700746;00470051;;53525;task_bio_v53525.tix
2216004700916000000000000006A273EAC2EDD4D4328E573FA5BC90C3AA9738A56DA46E3B869F8F7E2;2226004701097000000000000006A3EBFADB6CD54C2297D63E3DAC8942AB0F28BCECA5F62B9F1E8EE63;2246004700753222600470109706A297BACCA8D4306280123F41EC9E86AA7368AB28A48A6B88DA8F9A7;;66;6;Био;15-06-22;ген;Комплект_4;2216004700916;2226004701097;2246004700753;00470052;;54317;task_bio_v54317.tix
2216004700923000000000000006A270BAC2D8D4D7628E623FA6EC90F6AA9468A558A46D6B86AA8F7D6;2226004701103000000000000006A3F2BADAF8D5556296423E24EC88D6AB1668BD78A5EF6B9E8A8EFF6;2246004700760222600470110306A2948ACC9BD4335280213F42DC9EB5AA7058AB1BA4895B88E98F995;;66;6;Био;15-06-22;ген;Комплект_4;2216004700923;2226004701103;2246004700760;00470053;;51941;task_bio_v51941.tix
2216004700930000000000000006A2718AC2CBD4D6528E713FA7DC90E5AA9558A54BA46C5B86B98F7C5;2226004701110000000000000006A3F38ADAEBD5545296513E25DC88C5AB1758BD6BA5EE5B9E998EFE5;2246004700777222600470111006A295FACC8CD4322280363F43AC9EA2AA7128AB0CA4882B88FE8F982;;66;6;Био;15-06-22;ген;Комплект_4;2216004700930;2226004701110;2246004700777;00470054;;52733;task_bio_v52733.tix
2216004700947000000000000006A276FAC2BCD4D1228E063FA0AC9092AA9228A53CA46B2B86CE8F7B2;2226004701127000000000000006A3F0FADADCD5572296663E26AC88F2AB1428BD5CA5ED2B9EAE8EFD2;2246004700784222600470112706A29ACACC7FD43D1280C53F4C9C9E51AA7E18ABFFA4871B880D8F971;;66;6;Био;15-06-22;ген;Комплект_4;2216004700947;2226004701127;2246004700784;00470055;;51941;task_bio_v51941.tix
2216004700954000000000000006A277CAC2AFD4D0128E153FA19C9081AA9318A52FA46A1B86DD8F7A1;2226004701134000000000000006A3F1CADACFD5561296753E279C88E1AB1518BD4FA5EC1B9EBD8EFC1;2246004700791222600470113406A29B9ACC6AD43C4280D03F4DCC9E44AA7F48ABEAA4864B88188F964;;66;6;Био;15-06-22;ген;Комплект_4;2216004700954;2226004701134;2246004700791;00470056;;52733;task_bio_v52733.tix
2216004700961000000000000006A2749AC29AD4D3428E203FA2CC90B4AA9048A51AA4694B86E88F794;2226004701141000000000000006A3F69ADABAD5514296003E20CC8894AB1248BD3AA5EB4B9EC88EFB4;2246004700807222600470114106A262FAC3FCD4C5228F463FB4AC91D2AA8628A47CA47F2B878E8F6F2;;66;6;Био;15-06-22;ген;Комплект_4;2216004700961;2226004701141;2246004700807;00470057;;53525;task_bio_v53525.tix
2216004700978000000000000006A2750AC283D4D2D28E393FA35C90ADAA91D8A503A468DB86F18F78D;2226004701158000000000000006A3F70ADAA3D550D296193E215C888DAB13D8BD23A5EADB9ED18EFAD;2246004700814222600470115806A263CAC3EFD4C4128F553FB59C91C1AA8718A46FA47E1B879D8F6E1;;66;6;Био;15-06-22;ген;Комплект_4;2216004700978;2226004701158;2246004700814;00470058;;54317;task_bio_v54317.tix
2216004700985000000000000006A27ADAC27ED4DD028EC43FAC8C9050AA9E08A5FEA4670B860C8F770;2226004701165000000000000006A3F4DADA9ED5530296243E228C88B0AB1008BD1EA5E90B9EEC8EF90;2246004700821222600470116506A2609AC3DAD4C7428F603FB6CC91F4AA8448A45AA47D4B87A88F6D4;;66;6;Био;15-06-22;ген;Комплект_4;2216004700985;2226004701165;2246004700821;00470059;;52733;task_bio_v52733.tix
2216004700992000000000000006A27BAAC269D4DC728ED33FADFC9047AA9F78A5E9A4667B861B8F767;2226004701172000000000000006A3F5AADA89D5527296333E23FC88A7AB1178BD09A5E87B9EFB8EF87;2246004700838222600470117206A2610AC3C3D4C6D28F793FB75C91EDAA85D8A443A47CDB87B18F6CD;;66;6;Био;15-06-22;ген;Комплект_4;2216004700992;2226004701172;2246004700838;00470060;;54317;task_bio_v54317.tix
2216004701005000000000000006A3E2DADBFED5450297443E348C89D0AB0608BC7EA5FF0B9F8C8EEF0;2226004701189000000000000006A3FA1ADA72D55DC296C83E2C4C885CAB1EC8BDF2A5E7CB9E008EF7C;2246004700845222600470118906A266DAC3BED4C1028F043FB08C9190AA8208A43EA47B0B87CC8F6B0;;66;6;Био;15-06-22;ген;Комплект_4;2216004701005;2226004701189;2246004700845;00470061;;51941;task_bio_v51941.tix
2216004701012000000000000006A3E3AADBE9D5447297533E35FC89C7AB0778BC69A5FE7B9F9B8EEE8;2226004701196000000000000006A3FBEADA6DD55C3296D73E2DBC8843AB1F38BDEDA5E63B9E1F8EF6C;2246004700852222600470119606A267AAC3A9D4C0728F133FB1FC9187AA8378A429A47A7B87DB8F6A8;;66;6;Био;15-06-22;ген;Комплект_5;2216004701012;2226004701196;2246004700852;00470062;;52733;task_bio_v52733.tix
2216004701029000000000000006A3E01ADBD2D547C297683E364C89FCAB04C8BC52A5FDCB9FA08EED3;2226004701202000000000000006A3C2AAD9F9D5657295433E14FC8BD7AB2678BE79A5DF7B9D8B8ECF8;2246004700869222600470120206A2641AC392D4C3C28F283FB24C91BCAA80C8A412A479CB87E08F693;;66;6;Био;15-06-22;ген;Комплект_5;2216004701029;2226004701202;2246004700869;00470063;;51941;task_bio_v51941.tix
2216004701036000000000000006A3E1EADBCDD5463297773E37BC89E3AB0538BC4DA5FC3B9FBF8EECD;2226004701219000000000000006A3C31AD9E2D564C295583E154C8BCCAB27C8BE62A5DECB9D908ECE2;2246004700876222600470121906A265EAC38DD4C2328F373FB3BC91A3AA8138A40DA4783B87FF8F68D;;66;6;Био;15-06-22;ген;Комплект_5;2216004701036;2226004701219;2246004700876;00470064;;53525;task_bio_v53525.tix
2216004701043000000000000006A3E6BADBB8D5416297023E30EC8996AB0268BC38A5FB6B9FCA8EEB8;2226004701226000000000000006A3C0EAD9DDD5673295673E16BC8BF3AB2438BE5DA5DD3B9DAF8ECDD;2246004700883222600470122606A26ABAC378D4CD628FC23FBCEC9156AA8E68A4F8A4776B870A8F678;;66;6;Био;15-06-22;ген;Комплект_5;2216004701043;2226004701226;2246004700883;00470065;;54317;task_bio_v54317.tix
2216004701050000000000000006A3E78ADBABD5405297113E31DC8985AB0358BC2BA5FA5B9FD98EEAB;2226004701233000000000000006A3C1BAD9C8D5666295723E17EC8BE6AB2568BE48A5DC6B9DBA8ECC8;2246004700890222600470123306A26B8AC36BD4CC528FD13FBDDC9145AA8F58A4EBA4765B87198F66B;;66;6;Био;15-06-22;ген;Комплект_5;2216004701050;2226004701233;2246004700890;00470066;;51941;task_bio_v51941.tix
2216004701067000000000000006A3E4FADB9CD5432297263E32AC89B2AB0028BC1CA5F92B9FEE8EE9C;2226004701240000000000000006A3C68AD9BBD5615295013E10DC8B95AB2258BE3BA5DB5B9DC98ECBB;2246004700906222600470124006A272EAC2FDD4D5328E473FA4BC90D3AA9638A57DA46F3B868F8F7FD;;66;6;Био;15-06-22;ген;Комплект_5;2216004701067;2226004701240;2246004700906;00470067;;53525;task_bio_v53525.tix
2216004701074000000000000006A3E5CADB8FD5421297353E339C89A1AB0118BC0FA5F81B9FFD8EE8F;2226004701257000000000000006A3C7FAD9ACD5602295163E11AC8B82AB2328BE2CA5DA2B9DDE8ECAC;2246004700913222600470125706A273BAC2E8D4D4628E523FA5EC90C6AA9768A568A46E6B869A8F7E8;;66;6;Био;15-06-22;ген;Комплект_5;2216004701074;2226004701257;2246004700913;00470068;;54317;task_bio_v54317.tix
2216004701081000000000000006A3EA9ADB7AD54D4297C03E3CCC8954AB0E48BCFAA5F74B9F088EE7A;2226004701264000000000000006A3C4CAD99FD5631295253E129C8BB1AB2018BE1FA5D91B9DED8EC9F;2246004700920222600470126406A2708AC2DBD4D7528E613FA6DC90F5AA9458A55BA46D5B86A98F7DB;;66;6;Био;15-06-22;ген;Комплект_5;2216004701081;2226004701264;2246004700920;00470069;;52733;task_bio_v52733.tix
2216004701098000000000000006A3EB0ADB63D54CD297D93E3D5C894DAB0FD8BCE3A5F6DB9F118EE63;2226004701271000000000000006A3C59AD98AD5624295303E13CC8BA4AB2148BE0AA5D84B9DF88EC8A;2246004700937222600470127106A271FAC2CCD4D6228E763FA7AC90E2AA9528A54CA46C2B86BE8F7CC;;66;6;Био;15-06-22;ген;Комплект_5;2216004701098;2226004701271;2246004700937;00470070;;54317;task_bio_v54317.tix
2216004701104000000000000006A3F2CADAFFD5551296453E249C88D1AB1618BD7FA5EF1B9E8D8EFFF;2226004701288000000000000006A3CA0AD973D56DD295C93E1C5C8B5DAB2ED8BEF3A5D7DB9D018EC73;2246004700944222600470128806A276CAC2BFD4D1128E053FA09C9091AA9218A53FA46B1B86CD8F7BF;;66;6;Био;15-06-22;ген;Комплект_5;2216004701104;2226004701288;2246004700944;00470071;;52733;task_bio_v52733.tix
2216004701111000000000000006A3F39ADAEAD5544296503E25CC88C4AB1748BD6AA5EE4B9E988EFEA;2226004701295000000000000006A3CBDAD96ED56C0295D43E1D8C8B40AB2F08BEEEA5D60B9D1C8EC6E;2246004700951222600470129506A2779AC2AAD4D0428E103FA1CC9084AA9348A52AA46A4B86D88F7AA;;66;6;Био;15-06-22;ген;Комплект_5;2216004701111;2226004701295;2246004700951;00470072;;51941;task_bio_v51941.tix
2216004701128000000000000006A3F00ADAD3D557D296693E265C88FDAB14D8BD53A5EDDB9EA18EFD3;2226004701301000000000000006A3D29AD8FAD5754294403E04CC8AD4AB3648BF7AA5CF4B9C888EDFA;2246004700968222600470130106A2740AC293D4D3D28E293FA25C90BDAA90D8A513A469DB86E18F793;;66;6;Био;15-06-22;ген;Комплект_5;2216004701128;2226004701301;2246004700968;00470073;;53525;task_bio_v53525.tix
2216004701135000000000000006A3F1DADACED5560296743E278C88E0AB1508BD4EA5EC0B9EBC8EFCE;2226004701318000000000000006A3D30AD8E3D574D294593E055C8ACDAB37D8BF63A5CEDB9C918EDE3;2246004700975222600470131806A275DAC28ED4D2028E343FA38C90A0AA9108A50EA4680B86FC8F78E;;66;6;Био;15-06-22;ген;Комплект_5;2216004701135;2226004701318;2246004700975;00470074;;54317;task_bio_v54317.tix
2216004701142000000000000006A3F6AADAB9D5517296033E20FC8897AB1278BD39A5EB7B9ECB8EFB9;2226004701325000000000000006A3D0DAD8DED5770294643E068C8AF0AB3408BF5EA5CD0B9CAC8EDDE;2246004700982222600470132506A27AAAC279D4DD728EC33FACFC9057AA9E78A5F9A4677B860B8F779;;66;6;Био;15-06-22;ген;Комплект_5;2216004701142;2226004701325;2246004700982;00470075;;51941;task_bio_v51941.tix
2216004701159000000000000006A3F71ADAA2D550C296183E214C888CAB13C8BD22A5EACB9ED08EFA2;2226004701332000000000000006A3D1AAD8C9D5767294733E07FC8AE7AB3578BF49A5CC7B9CBB8EDC9;2246004700999222600470133206A27B1AC262D4DCC28ED83FAD4C904CAA9FC8A5E2A466CB86108F762;;66;6;Био;15-06-22;ген;Комплект_5;2216004701159;2226004701332;2246004700999;00470076;;53525;task_bio_v53525.tix
2216004701166000000000000006A3F4EADA9DD5533296273E22BC88B3AB1038BD1DA5E93B9EEF8EE66;2226004701349000000000000006A3D61AD8B2D571C294083E004C8A9CAB32C8BF32A5CBCB9CC08EC49;2246004701002222600470134906A3E2AADBF9D5457297433E34FC89D7AB0678BC79A5FF7B9F8B8EF02;;66;6;Био;15-06-22;ген;Комплект_6;2216004701166;2226004701349;2246004701002;00470077;;54317;task_bio_v54317.tix
2216004701173000000000000006A3F5BADA88D5526296323E23EC88A6AB1168BD08A5E86B9EFA8EE73;2226004701356000000000000006A3D7EAD8ADD5703294173E01BC8A83AB3338BF2DA5CA3B9CDF8EC56;2246004701019222600470135606A3E31ADBE2D544C297583E354C89CCAB07C8BC62A5FECB9F908EF19;;66;6;Био;15-06-22;ген;Комплект_6;2216004701173;2226004701356;2246004701019;00470078;;51941;task_bio_v51941.tix
2216004701180000000000000006A3FA8ADA7BD55D5296C13E2CDC8855AB1E58BDFBA5E75B9E098EE81;2226004701363000000000000006A3D4BAD898D5736294223E02EC8AB6AB3068BF18A5C96B9CEA8EC62;2246004701026222600470136306A3E0EADBDDD5473297673E36BC89F3AB0438BC5DA5FD3B9FAF8EF27;;66;6;Био;15-06-22;ген;Комплект_6;2216004701180;2226004701363;2246004701026;00470079;;52733;task_bio_v52733.tix
2216004701197000000000000006A3FBFADA6CD55C2296D63E2DAC8842AB1F28BDECA5E62B9E1E8EE96;2226004701370000000000000006A3D58AD88BD5725294313E03DC8AA5AB3158BF0BA5C85B9CF98EC71;2246004701033222600470137006A3E1BADBC8D5466297723E37EC89E6AB0568BC48A5FC6B9FBA8EF32;;66;6;Био;15-06-22;ген;Комплект_6;2216004701197;2226004701370;2246004701033;00470080;;53525;task_bio_v53525.tix
2216004701203000000000000006A3C2BAD9F8D5656295423E14EC8BD6AB2668BE78A5DF6B9D8A8ED02;2226004701387000000000000006A3DAFAD87CD57D2294C63E0CAC8A52AB3E28BFFCA5C72B9C0E8EC86;2246004701040222600470138706A3E68ADBBBD5415297013E30DC8995AB0258BC3BA5FB5B9FC98EF41;;66;6;Био;15-06-22;ген;Комплект_6;2216004701203;2226004701387;2246004701040;00470081;;52733;task_bio_v52733.tix
2216004701210000000000000006A3C38AD9EBD5645295513E15DC8BC5AB2758BE6BA5DE5B9D998ED11;2226004701394000000000000006A3DBCAD86FD57C1294D53E0D9C8A41AB3F18BFEFA5C61B9C1D8EC95;2246004701057222600470139406A3E7FADBACD5402297163E31AC8982AB0328BC2CA5FA2B9FDE8EF56;;66;6;Био;15-06-22;ген;Комплект_6;2216004701210;2226004701394;2246004701057;00470082;;54317;task_bio_v54317.tix
2216004701227000000000000006A3C0FAD9DCD5672295663E16AC8BF2AB2428BE5CA5DD2B9DAE8ED26;2226004701400000000000000006A3A28ADFFBD5055293413E74DC8DD5AB4658B87BA5BF5B9B898EB01;2246004701064222600470140006A3E4CADB9FD5431297253E329C89B1AB0018BC1FA5F91B9FED8EF65;;66;6;Био;15-06-22;ген;Комплект_6;2216004701227;2226004701400;2246004701064;00470083;;51941;task_bio_v51941.tix
2216004701234000000000000006A3C1CAD9CFD5661295753E179C8BE1AB2518BE4FA5DC1B9DBD8ED35;2226004701417000000000000006A3A3FADFECD5042293563E75AC8DC2AB4728B86CA5BE2B9B9E8EB16;2246004701071222600470141706A3E59ADB8AD5424297303E33CC89A4AB0148BC0AA5F84B9FF88EF70;;66;6;Био;15-06-22;ген;Комплект_6;2216004701234;2226004701417;2246004701071;00470084;;53525;task_bio_v53525.tix
2216004701241000000000000006A3C69AD9BAD5614295003E10CC8B94AB2248BE3AA5DB4B9DC88ED40;2226004701424000000000000006A3A0CADFDFD5071293653E769C8DF1AB4418B85FA5BD1B9BAD8EB25;2246004701088222600470142406A3EA0ADB73D54DD297C93E3C5C895DAB0ED8BCF3A5F7DB9F018EF89;;66;6;Био;15-06-22;ген;Комплект_6;2216004701241;2226004701424;2246004701088;00470085;;52733;task_bio_v52733.tix
2216004701258000000000000006A3C70AD9A3D560D295193E115C8B8DAB23D8BE23A5DADB9DD18ED59;2226004701431000000000000006A3A19ADFCAD5064293703E77CC8DE4AB4548B84AA5BC4B9BB88EB30;2246004701095222600470143106A3EBDADB6ED54C0297D43E3D8C8940AB0F08BCEEA5F60B9F1C8EF94;;66;6;Био;15-06-22;ген;Комплект_6;2216004701258;2226004701431;2246004701095;00470086;;54317;task_bio_v54317.tix
2216004701265000000000000006A3C4DAD99ED5630295243E128C8BB0AB2008BE1EA5D90B9DEC8ED64;2226004701448000000000000006A3A60ADFB3D501D293093E705C8D9DAB42D8B833A5BBDB9BC18EB49;2246004701101222600470144806A3F29ADAFAD5554296403E24CC88D4AB1648BD7AA5EF4B9E888EE00;;66;6;Био;15-06-22;ген;Комплект_6;2216004701265;2226004701448;2246004701101;00470087;;51941;task_bio_v51941.tix
2216004701272000000000000006A3C5AAD989D5627295333E13FC8BA7AB2178BE09A5D87B9DFB8ED73;2226004701455000000000000006A3A7DADFAED5000293143E718C8D80AB4308B82EA5BA0B9BDC8EB54;2246004701118222600470145506A3F30ADAE3D554D296593E255C88CDAB17D8BD63A5EEDB9E918EE19;;66;6;Био;15-06-22;ген;Комплект_6;2216004701272;2226004701455;2246004701118;00470088;;53525;task_bio_v53525.tix
2216004701289000000000000006A3CA1AD972D56DC295C83E1C4C8B5CAB2EC8BEF2A5D7CB9D008ED88;2226004701462000000000000006A3A4AADF99D5037293233E72FC8DB7AB4078B819A5B97B9BEB8EB63;2246004701125222600470146206A3F0DADADED5570296643E268C88F0AB1408BD5EA5ED0B9EAC8EE24;;66;6;Био;15-06-22;ген;Комплект_6;2216004701289;2226004701462;2246004701125;00470089;;54317;task_bio_v54317.tix
2216004701296000000000000006A3CBEAD96DD56C3295D73E1DBC8B43AB2F38BEEDA5D63B9D1F8ED97;2226004701479000000000000006A3A51ADF82D502C293383E734C8DACAB41C8B802A5B8CB9BF08EB78;2246004701132222600470147906A3F1AADAC9D5567296733E27FC88E7AB1578BD49A5EC7B9EBB8EE33;;66;6;Био;15-06-22;ген;Комплект_6;2216004701296;2226004701479;2246004701132;00470090;;53525;task_bio_v53525.tix
2216004701302000000000000006A3D2AAD8F9D5757294433E04FC8AD7AB3678BF79A5CF7B9C8B8EC03;2226004701486000000000000006A3AAEADF7DD50D3293C73E7CBC8D53AB4E38B8FDA5B73B9B0F8EB84;2246004701149222600470148606A3F61ADAB2D551C296083E204C889CAB12C8BD32A5EBCB9EC08EE4B;;66;6;Био;15-06-22;ген;Комплект_6;2216004701302;2226004701486;2246004701149;00470091;;51941;task_bio_v51941.tix
2216004701319000000000000006A3D31AD8E2D574C294583E054C8ACCAB37C8BF62A5CECB9C908EC1F;2226004701493000000000000006A3ABBADF68D50C6293D23E7DEC8D46AB4F68B8E8A5B66B9B1A8EB95;2246004701156222600470149306A3F7EADAADD5503296173E21BC8883AB1338BD2DA5EA3B9EDF8EE50;;66;6;Био;15-06-22;ген;Комплект_7;2216004701319;2226004701493;2246004701156;00470092;;53525;task_bio_v53525.tix
2216004701326000000000000006A3D0EAD8DDD5773294673E06BC8AF3AB3438BF5DA5CD3B9CAF8EC20;2226004701509000000000000006A3B21ADEF2D515C292483E644C8CDCAB56C8B972A5AFCB9A808EA0E;2246004701163222600470150906A3F4BADA98D5536296223E22EC88B6AB1068BD18A5E96B9EEA8EE64;;66;6;Био;15-06-22;ген;Комплект_7;2216004701326;2226004701509;2246004701163;00470093;;54317;task_bio_v54317.tix
2216004701333000000000000006A3D1BAD8C8D5766294723E07EC8AE6AB3568BF48A5CC6B9CBA8EC34;2226004701516000000000000006A3B3EADEEDD5143292573E65BC8CC3AB5738B96DA5AE3B9A9F8EA11;2246004701170222600470151606A3F58ADA8BD5525296313E23DC88A5AB1158BD0BA5E85B9EF98EE77;;66;6;Био;15-06-22;ген;Комплект_7;2216004701333;2226004701516;2246004701170;00470094;;51941;task_bio_v51941.tix
2216004701340000000000000006A3D68AD8BBD5715294013E00DC8A95AB3258BF3BA5CB5B9CC98EC47;2226004701523000000000000006A3B0BADED8D5176292623E66EC8CF6AB5468B958A5AD6B9AAA8EA24;2246004701187222600470152306A3FAFADA7CD55D2296C63E2CAC8852AB1E28BDFCA5E72B9E0E8EE80;;66;6;Био;15-06-22;ген;Комплект_7;2216004701340;2226004701523;2246004701187;00470095;;52733;task_bio_v52733.tix
2216004701357000000000000006A3D7FAD8ACD5702294163E01AC8A82AB3328BF2CA5CA2B9CDE8EC50;2226004701530000000000000006A3B18ADECBD5165292713E67DC8CE5AB5558B94BA5AC5B9AB98EA37;2246004701194222600470153006A3FBCADA6FD55C1296D53E2D9C8841AB1F18BDEFA5E61B9E1D8EE93;;66;6;Био;15-06-22;ген;Комплект_7;2216004701357;2226004701530;2246004701194;00470096;;53525;task_bio_v53525.tix
2216004701364000000000000006A3D4CAD89FD5731294253E029C8AB1AB3018BF1FA5C91B9CED8EC63;2226004701547000000000000006A3B6FADEBCD5112292063E60AC8C92AB5228B93CA5AB2B9ACE8EA40;2246004701200222600470154706A3C28AD9FBD5655295413E14DC8BD5AB2658BE7BA5DF5B9D898ED07;;66;6;Био;15-06-22;ген;Комплект_7;2216004701364;2226004701547;2246004701200;00470097;;54317;task_bio_v54317.tix
2216004701371000000000000006A3D59AD88AD5724294303E03CC8AA4AB3148BF0AA5C84B9CF88EC76;2226004701554000000000000006A3B7CADEAFD5101292153E619C8C81AB5318B92FA5AA1B9ADD8EA53;2246004701217222600470155406A3C3FAD9ECD5642295563E15AC8BC2AB2728BE6CA5DE2B9D9E8ED10;;66;6;Био;15-06-22;ген;Комплект_7;2216004701371;2226004701554;2246004701217;00470098;;51941;task_bio_v51941.tix
2216004701388000000000000006A3DA0AD873D57DD294C93E0C5C8A5DAB3ED8BFF3A5C7DB9C018EC8F;2226004701561000000000000006A3B49ADE9AD5134292203E62CC8CB4AB5048B91AA5A94B9AE88EA66;2246004701224222600470156106A3C0CAD9DFD5671295653E169C8BF1AB2418BE5FA5DD1B9DAD8ED23;;66;6;Био;15-06-22;ген;Комплект_7;2216004701388;2226004701561;2246004701224;00470099;;52733;task_bio_v52733.tix
2216004701395000000000000006A3DBDAD86ED57C0294D43E0D8C8A40AB3F08BFEEA5C60B9C1C8EC92;2226004701578000000000000006A3B50ADE83D512D292393E635C8CADAB51D8B903A5A8DB9AF18EA7F;2246004701231222600470157806A3C19AD9CAD5664295703E17CC8BE4AB2548BE4AA5DC4B9DB88ED36;;66;6;Био;15-06-22;ген;Комплект_7;2216004701395;2226004701578;2246004701231;00470100;;54317;task_bio_v54317.tix
2216004701401000000000000006A3A29ADFFAD5054293403E74CC8DD4AB4648B87AA5BF4B9B888EB06;2226004701585000000000000006A3BADADE7ED51D0292C43E6C8C8C50AB5E08B9FEA5A70B9A0C8EA82;2246004701248222600470158506A3C60AD9B3D561D295093E105C8B9DAB22D8BE33A5DBDB9DC18ED4F;;66;6;Био;15-06-22;ген;Комплект_7;2216004701401;2226004701585;2246004701248;00470101;;53525;task_bio_v53525.tix
2216004701418000000000000006A3A30ADFE3D504D293593E755C8DCDAB47D8B863A5BEDB9B918EB1F;2226004701592000000000000006A3BBAADE69D51C7292D33E6DFC8C47AB5F78B9E9A5A67B9A1B8EA95;2246004701255222600470159206A3C7DAD9AED5600295143E118C8B80AB2308BE2EA5DA0B9DDC8ED52;;66;6;Био;15-06-22;ген;Комплект_7;2216004701418;2226004701592;2246004701255;00470102;;51941;task_bio_v51941.tix
2216004701425000000000000006A3A0DADFDED5070293643E768C8DF0AB4408B85EA5BD0B9BAC8EB22;2226004701608000000000000006A3820ADDF3D525D291493E545C8FDDAB66D8BA73A59FDB99818E90F;2246004701262222600470160806A3C4AAD999D5637295233E12FC8BB7AB2078BE19A5D97B9DEB8ED65;;66;6;Био;15-06-22;ген;Комплект_7;2216004701425;2226004701608;2246004701262;00470103;;52733;task_bio_v52733.tix
2216004701432000000000000006A3A1AADFC9D5067293733E77FC8DE7AB4578B849A5BC7B9BBB8EB35;2226004701615000000000000006A383DADDEED5240291543E558C8FC0AB6708BA6EA59E0B999C8E912;2246004701279222600470161506A3C51AD982D562C295383E134C8BACAB21C8BE02A5D8CB9DF08ED7E;;66;6;Био;15-06-22;ген;Комплект_7;2216004701432;2226004701615;2246004701279;00470104;;54317;task_bio_v54317.tix
2216004701449000000000000006A3A61ADFB2D501C293083E704C8D9CAB42C8B832A5BBCB9BC08EB41;2226004701622000000000000006A380AADDD9D5277291633E56FC8FF7AB6478BA59A59D7B99AB8E92A;2246004701286222600470162206A3CAEAD97DD56D3295C73E1CBC8B53AB2E38BEFDA5D73B9D0F8ED8E;;66;6;Био;15-06-22;ген;Комплект_7;2216004701449;2226004701622;2246004701286;00470105;;53525;task_bio_v53525.tix
2216004701456000000000000006A3A7EADFADD5003293173E71BC8D83AB4338B82DA5BA3B9BDF8EB5E;2226004701639000000000000006A3811ADDC2D526C291783E574C8FECAB65C8BA42A59CCB99B08E931;2246004701293222600470163906A3CBBAD968D56C6295D23E1DEC8B46AB2F68BEE8A5D66B9D1A8ED9B;;66;6;Био;15-06-22;ген;Комплект_7;2216004701456;2226004701639;2246004701293;00470106;;52733;task_bio_v52733.tix
2216004701463000000000000006A3A4BADF98D5036293223E72EC8DB6AB4068B818A5B96B9BEA8EB6E;2226004701646000000000000006A386EADDBDD5213291073E50BC8F93AB6238BA3DA59B3B99CF8E94B;2246004701309222600470164606A3D21AD8F2D575C294483E044C8ADCAB36C8BF72A5CFCB9C808EC04;;66;6;Био;15-06-22;ген;Комплект_8;2216004701463;2226004701646;2246004701309;00470107;;51941;task_bio_v51941.tix
2216004701470000000000000006A3A58ADF8BD5025293313E73DC8DA5AB4158B80BA5B85B9BF98EB7D;2226004701653000000000000006A387BADDA8D5206291123E51EC8F86AB6368BA28A59A6B99DA8E95E;2246004701316222600470165306A3D3EAD8EDD5743294573E05BC8AC3AB3738BF6DA5CE3B9C9F8EC1B;;66;6;Био;15-06-22;ген;Комплект_8;2216004701470;2226004701653;2246004701316;00470108;;52733;task_bio_v52733.tix
2216004701487000000000000006A3AAFADF7CD50D2293C63E7CAC8D52AB4E28B8FCA5B72B9B0E8EB8A;2226004701660000000000000006A3848ADD9BD5235291213E52DC8FB5AB6058BA1BA5995B99E98E96D;2246004701323222600470166006A3D0BAD8D8D5776294623E06EC8AF6AB3468BF58A5CD6B9CAA8EC2E;;66;6;Био;15-06-22;ген;Комплект_8;2216004701487;2226004701660;2246004701323;00470109;;53525;task_bio_v53525.tix
2216004701494000000000000006A3ABCADF6FD50C1293D53E7D9C8D41AB4F18B8EFA5B61B9B1D8EB99;2226004701677000000000000006A385FADD8CD5222291363E53AC8FA2AB6128BA0CA5982B99FE8E97A;2246004701330222600470167706A3D18AD8CBD5765294713E07DC8AE5AB3558BF4BA5CC5B9CB98EC3D;;66;6;Био;15-06-22;ген;Комплект_8;2216004701494;2226004701677;2246004701330;00470110;;54317;task_bio_v54317.tix
2216004701500000000000000006A3B28ADEFBD5155292413E64DC8CD5AB5658B97BA5AF5B9A898EA0D;2226004701684000000000000006A38ACADD7FD52D1291C53E5C9C8F51AB6E18BAFFA5971B990D8E989;2246004701347222600470168406A3D6FAD8BCD5712294063E00AC8A92AB3228BF3CA5CB2B9CCE8EC4A;;66;6;Био;15-06-22;ген;Комплект_8;2216004701500;2226004701684;2246004701347;00470111;;52733;task_bio_v52733.tix
2216004701517000000000000006A3B3FADEECD5142292563E65AC8CC2AB5728B96CA5AE2B9A9E8EA1A;2226004701691000000000000006A38B9ADD6AD52C4291D03E5DCC8F44AB6F48BAEAA5964B99188E99C;2246004701354222600470169106A3D7CAD8AFD5701294153E019C8A81AB3318BF2FA5CA1B9CDD8EC59;;66;6;Био;15-06-22;ген;Комплект_8;2216004701517;2226004701691;2246004701354;00470112;;53525;task_bio_v53525.tix
2216004701524000000000000006A3B0CADEDFD5171292653E669C8CF1AB5418B95FA5AD1B9AAD8EA29;2226004701707000000000000006A392FADCFCD5352290463E44AC8ED2AB7628BB7CA58F2B988E8E80A;2246004701361222600470170706A3D49AD89AD5734294203E02CC8AB4AB3048BF1AA5C94B9CE88EC6C;;66;6;Био;15-06-22;ген;Комплект_8;2216004701524;2226004701707;2246004701361;00470113;;51941;task_bio_v51941.tix
2216004701531000000000000006A3B19ADECAD5164292703E67CC8CE4AB5548B94AA5AC4B9AB88EA3F;2226004701714000000000000006A393CADCEFD5341290553E459C8EC1AB7718BB6FA58E1B989D8E81A;2246004701378222600470171406A3D50AD883D572D294393E035C8AADAB31D8BF03A5C8DB9CF18EC76;;66;6;Био;15-06-22;ген;Комплект_8;2216004701531;2226004701714;2246004701378;00470114;;54317;task_bio_v54317.tix
2216004701548000000000000006A3B60ADEB3D511D292093E605C8C9DAB52D8B933A5ABDB9AC18EA46;2226004701721000000000000006A3909ADCDAD5374290603E46CC8EF4AB7448BB5AA58D4B98A88E82F;2246004701385222600470172106A3DADAD87ED57D0294C43E0C8C8A50AB3E08BFFEA5C70B9C0C8EC8B;;66;6;Био;15-06-22;ген;Комплект_8;2216004701548;2226004701721;2246004701385;00470115;;52733;task_bio_v52733.tix
2216004701555000000000000006A3B7DADEAED5100292143E618C8C80AB5308B92EA5AA0B9ADC8EA5B;2226004701738000000000000006A3910ADCC3D536D290793E475C8EEDAB75D8BB43A58CDB98B18E836;2246004701392222600470173806A3DBAAD869D57C7294D33E0DFC8A47AB3F78BFE9A5C67B9C1B8EC9C;;66;6;Био;15-06-22;ген;Комплект_8;2216004701555;2226004701738;2246004701392;00470116;;53525;task_bio_v53525.tix
2216004701562000000000000006A3B4AADE99D5137292233E62FC8CB7AB5078B919A5A97B9AEB8EA6C;2226004701745000000000000006A396DADCBED5310290043E408C8E90AB7208BB3EA58B0B98CC8E84B;2246004701408222600470174506A3A20ADFF3D505D293493E745C8DDDAB46D8B873A5BFDB9B818EB06;;66;6;Био;15-06-22;ген;Комплект_8;2216004701562;2226004701745;2246004701408;00470117;;51941;task_bio_v51941.tix
2216004701579000000000000006A3B51ADE82D512C292383E634C8CACAB51C8B902A5A8CB9AF08EA77;2226004701752000000000000006A397AADCA9D5307290133E41FC8E87AB7378BB29A58A7B98DB8E85C;2246004701415222600470175206A3A3DADFEED5040293543E758C8DC0AB4708B86EA5BE0B9B9C8EB1B;;66;6;Био;15-06-22;ген;Комплект_8;2216004701579;2226004701752;2246004701415;00470118;;54317;task_bio_v54317.tix
2216004701586000000000000006A3BAEADE7DD51D3292C73E6CBC8C53AB5E38B9FDA5A73B9A0F8EA88;2226004701769000000000000006A3941ADC92D533C290283E424C8EBCAB70C8BB12A589CB98E08E867;2246004701422222600470176906A3A0AADFD9D5077293633E76FC8DF7AB4478B859A5BD7B9BAB8EB2C;;66;6;Био;15-06-22;ген;Комплект_8;2216004701586;2226004701769;2246004701422;00470119;;52733;task_bio_v52733.tix
2216004701593000000000000006A3BBBADE68D51C6292D23E6DEC8C46AB5F68B9E8A5A66B9A1A8EA9D;2226004701776000000000000006A395EADC8DD5323290373E43BC8EA3AB7138BB0DA5883B98FF8E878;2246004701439222600470177606A3A11ADFC2D506C293783E774C8DECAB45C8B842A5BCCB9BB08EB37;;66;6;Био;15-06-22;ген;Комплект_8;2216004701593;2226004701776;2246004701439;00470120;;51941;task_bio_v51941.tix
2216004701609000000000000006A3821ADDF2D525C291483E544C8FDCAB66C8BA72A59FCB99808E906;2226004701783000000000000006A39ABADC78D53D6290C23E4CEC8E56AB7E68BBF8A5876B980A8E88C;2246004701446222600470178306A3A6EADFBDD5013293073E70BC8D93AB4238B83DA5BB3B9BCF8EB49;;66;6;Био;15-06-22;ген;Комплект_8;2216004701609;2226004701783;2246004701446;00470121;;53525;task_bio_v53525.tix
2216004701616000000000000006A383EADDEDD5243291573E55BC8FC3AB6738BA6DA59E3B999F8E905;2226004701790000000000000006A39B8ADC6BD53C5290D13E4DDC8E45AB7F58BBEBA5865B98198E883;2246004701453222600470179006A3A7BADFA8D5006293123E71EC8D86AB4368B828A5BA6B9BDA8EB40;;66;6;Био;15-06-22;ген;Комплект_9;2216004701616;2226004701790;2246004701453;00470122;;51941;task_bio_v51941.tix
2216004701623000000000000006A380BADDD8D5276291623E56EC8FF6AB6468BA58A59D6B99AA8E930;2226004701806000000000000006A362EAD3FDD5C5329F473EB4BC81D3AB8638B47DA57F3B978F8E715;2246004701460222600470180606A3A48ADF9BD5035293213E72DC8DB5AB4058B81BA5B95B9BE98EB73;;66;6;Био;15-06-22;ген;Комплект_9;2216004701623;2226004701806;2246004701460;00470123;;53525;task_bio_v53525.tix
2216004701630000000000000006A3818ADDCBD5265291713E57DC8FE5AB6558BA4BA59C5B99B98E923;2226004701813000000000000006A363BAD3E8D5C4629F523EB5EC81C6AB8768B468A57E6B979A8E700;2246004701477222600470181306A3A5FADF8CD5022293363E73AC8DA2AB4128B80CA5B82B9BFE8EB64;;66;6;Био;15-06-22;ген;Комплект_9;2216004701630;2226004701813;2246004701477;00470124;;52733;task_bio_v52733.tix
2216004701647000000000000006A386FADDBCD5212291063E50AC8F92AB6228BA3CA59B2B99CE8E954;2226004701820000000000000006A3608AD3DBD5C7529F613EB6DC81F5AB8458B45BA57D5B97A98E733;2246004701484222600470182006A3AACADF7FD50D1293C53E7C9C8D51AB4E18B8FFA5B71B9B0D8EB97;;66;6;Био;15-06-22;ген;Комплект_9;2216004701647;2226004701820;2246004701484;00470125;;54317;task_bio_v54317.tix
2216004701654000000000000006A387CADDAFD5201291153E519C8F81AB6318BA2FA59A1B99DD8E947;2226004701837000000000000006A361FAD3CCD5C6229F763EB7AC81E2AB8528B44CA57C2B97BE8E724;2246004701491222600470183706A3AB9ADF6AD50C4293D03E7DCC8D44AB4F48B8EAA5B64B9B188EB82;;66;6;Био;15-06-22;ген;Комплект_9;2216004701654;2226004701837;2246004701491;00470126;;51941;task_bio_v51941.tix
2216004701661000000000000006A3849ADD9AD5234291203E52CC8FB4AB6048BA1AA5994B99E88E972;2226004701844000000000000006A366CAD3BFD5C1129F053EB09C8191AB8218B43FA57B1B97CD8E757;2246004701507222600470184406A3B2FADEFCD5152292463E64AC8CD2AB5628B97CA5AF2B9A8E8EA13;;66;6;Био;15-06-22;ген;Комплект_9;2216004701661;2226004701844;2246004701507;00470127;;54317;task_bio_v54317.tix
2216004701678000000000000006A3850ADD83D522D291393E535C8FADAB61D8BA03A598DB99F18E96C;2226004701851000000000000006A3679AD3AAD5C0429F103EB1CC8184AB8348B42AA57A4B97D88E745;2246004701514222600470185106A3B3CADEEFD5141292553E659C8CC1AB5718B96FA5AE1B9A9D8EA00;;66;6;Био;15-06-22;ген;Комплект_9;2216004701678;2226004701851;2246004701514;00470128;;52733;task_bio_v52733.tix
2216004701685000000000000006A38ADADD7ED52D0291C43E5C8C8F50AB6E08BAFEA5970B990C8E991;2226004701868000000000000006A3640AD393D5C3D29F293EB25C81BDAB80D8B413A579DB97E18E77C;2246004701521222600470186806A3B09ADEDAD5174292603E66CC8CF4AB5448B95AA5AD4B9AA88EA35;;66;6;Био;15-06-22;ген;Комплект_9;2216004701685;2226004701868;2246004701521;00470129;;53525;task_bio_v53525.tix
2216004701692000000000000006A38BAADD69D52C7291D33E5DFC8F47AB6F78BAE9A5967B991B8E986;2226004701875000000000000006A365DAD38ED5C2029F343EB38C81A0AB8108B40EA5780B97FC8E761;2246004701538222600470187506A3B10ADEC3D516D292793E675C8CEDAB55D8B943A5ACDB9AB18EA2C;;66;6;Био;15-06-22;ген;Комплект_9;2216004701692;2226004701875;2246004701538;00470130;;52733;task_bio_v52733.tix
2216004701708000000000000006A3920ADCF3D535D290493E445C8EDDAB76D8BB73A58FDB98818E81C;2226004701882000000000000006A36AAAD379D5CD729FC33EBCFC8157AB8E78B4F9A5777B970B8E796;2246004701545222600470188206A3B6DADEBED5110292043E608C8C90AB5208B93EA5AB0B9ACC8EA51;;66;6;Био;15-06-22;ген;Комплект_9;2216004701708;2226004701882;2246004701545;00470131;;54317;task_bio_v54317.tix
2216004701715000000000000006A393DADCEED5340290543E458C8EC0AB7708BB6EA58E0B989C8E801;2226004701899000000000000006A36B1AD362D5CCC29FD83EBD4C814CAB8FC8B4E2A576CB97108E78D;2246004701552222600470189906A3B7AADEA9D5107292133E61FC8C87AB5378B929A5AA7B9ADB8EA46;;66;6;Био;15-06-22;ген;Комплект_9;2216004701715;2226004701899;2246004701552;00470132;;53525;task_bio_v53525.tix
2216004701722000000000000006A390AADCD9D5377290633E46FC8EF7AB7478BB59A58D7B98AB8E836;2226004701905000000000000006A372DAD2FED5D5029E443EA48C80D0AB9608B57EA56F0B968C8E611;2246004701569222600470190506A3B41ADE92D513C292283E624C8CBCAB50C8B912A5A9CB9AE08EA7D;;66;6;Био;15-06-22;ген;Комплект_9;2216004701722;2226004701905;2246004701569;00470133;;51941;task_bio_v51941.tix
2216004701739000000000000006A3911ADCC2D536C290783E474C8EECAB75C8BB42A58CCB98B08E82D;2226004701912000000000000006A373AAD2E9D5D4729E533EA5FC80C7AB9778B569A56E7B969B8E606;2246004701576222600470191206A3B5EADE8DD5123292373E63BC8CA3AB5138B90DA5A83B9AFF8EA62;;66;6;Био;15-06-22;ген;Комплект_9;2216004701739;2226004701912;2246004701576;00470134;;54317;task_bio_v54317.tix
2216004701746000000000000006A396EADCBDD5313290073E40BC8E93AB7238BB3DA58B3B98CF8E852;2226004701929000000000000006A3701AD2D2D5D7C29E683EA64C80FCAB94C8B552A56DCB96A08E63D;2246004701583222600470192906A3BABADE78D51D6292C23E6CEC8C56AB5E68B9F8A5A76B9A0A8EA97;;66;6;Био;15-06-22;ген;Комплект_9;2216004701746;2226004701929;2246004701583;00470135;;51941;task_bio_v51941.tix
2216004701753000000000000006A397BADCA8D5306290123E41EC8E86AB7368BB28A58A6B98DA8E847;2226004701936000000000000006A371EAD2CDD5D6329E773EA7BC80E3AB9538B54DA56C3B96BF8E622;2246004701590222600470193606A3BB8ADE6BD51C5292D13E6DDC8C45AB5F58B9EBA5A65B9A198EA84;;66;6;Био;15-06-22;ген;Комплект_9;2216004701753;2226004701936;2246004701590;00470136;;52733;task_bio_v52733.tix
2216004701760000000000000006A3948ADC9BD5335290213E42DC8EB5AB7058BB1BA5895B98E98E821;2226004701943000000000000006A376BAD2B8D5D1629E023EA0EC8096AB9268B538A56B6B96CA8E602;2246004701606222600470194306A382EADDFDD5253291473E54BC8FD3AB6638BA7DA59F3B998F8E947;;66;6;Био;15-06-22;ген;Комплект_10;2216004701760;2226004701943;2246004701606;00470137;;53525;task_bio_v53525.tix
2216004701777000000000000006A395FADC8CD5322290363E43AC8EA2AB7128BB0CA5882B98FE8E836;2226004701950000000000000006A3778AD2ABD5D0529E113EA1DC8085AB9358B52BA56A5B96D98E611;2246004701613222600470195006A383BADDE8D5246291523E55EC8FC6AB6768BA68A59E6B999A8E952;;66;6;Био;15-06-22;ген;Комплект_10;2216004701777;2226004701950;2246004701613;00470138;;54317;task_bio_v54317.tix
2216004701784000000000000006A39ACADC7FD53D1290C53E4C9C8E51AB7E18BBFFA5871B980D8E8C5;2226004701967000000000000006A374FAD29CD5D3229E263EA2AC80B2AB9028B51CA5692B96EE8E626;2246004701620222600470196706A3808ADDDBD5275291613E56DC8FF5AB6458BA5BA59D5B99A98E961;;66;6;Био;15-06-22;ген;Комплект_10;2216004701784;2226004701967;2246004701620;00470139;;51941;task_bio_v51941.tix
2216004701791000000000000006A39B9ADC6AD53C4290D03E4DCC8E44AB7F48BBEAA5864B98188E8D0;2226004701974000000000000006A375CAD28FD5D2129E353EA39C80A1AB9118B50FA5681B96FD8E635;2246004701637222600470197406A381FADDCCD5262291763E57AC8FE2AB6528BA4CA59C2B99BE8E976;;66;6;Био;15-06-22;ген;Комплект_10;2216004701791;2226004701974;2246004701637;00470140;;52733;task_bio_v52733.tix
2216004701807000000000000006A362FAD3FCD5C5229F463EB4AC81D2AB8628B47CA57F2B978E8E746;2226004701981000000000000006A37A9AD27AD5DD429EC03EACCC8054AB9E48B5FAA5674B96088E6C3;2246004701644222600470198106A386CADDBFD5211291053E509C8F91AB6218BA3FA59B1B99CD8E906;;66;6;Био;15-06-22;ген;Комплект_10;2216004701807;2226004701981;2246004701644;00470141;;53525;task_bio_v53525.tix
2216004701814000000000000006A363CAD3EFD5C4129F553EB59C81C1AB8718B46FA57E1B979D8E756;2226004701998000000000000006A37B0AD263D5DCD29ED93EAD5C804DAB9FD8B5E3A566DB96118E6DA;2246004701651222600470199806A3879ADDAAD5204291103E51CC8F84AB6348BA2AA59A4B99D88E913;;66;6;Био;15-06-22;ген;Комплект_10;2216004701814;2226004701998;2246004701651;00470142;;52733;task_bio_v52733.tix
2216004701821000000000000006A3609AD3DAD5C7429F603EB6CC81F4AB8448B45AA57D4B97A88E763;2226004702001000000000000006A0E29AEBFAD64542A7403D34CCB9D4A806488C7AA6FF4BAF888DF43;2246004701668222600470200106A3840ADD93D523D291293E525C8FBDAB60D8BA13A599DB99E18E92A;;66;6;Био;15-06-22;ген;Комплект_10;2216004701821;2226004702001;2246004701668;00470143;;54317;task_bio_v54317.tix
2216004701838000000000000006A3610AD3C3D5C6D29F793EB75C81EDAB85D8B443A57CDB97B18E77A;2226004702018000000000000006A0E30AEBE3D644D2A7593D355CB9CDA807D88C63A6FEDBAF918DF5A;2246004701675222600470201806A385DADD8ED5220291343E538C8FA0AB6108BA0EA5980B99FC8E937;;66;6;Био;15-06-22;ген;Комплект_10;2216004701838;2226004702018;2246004701675;00470144;;51941;task_bio_v51941.tix
2216004701845000000000000006A366DAD3BED5C1029F043EB08C8190AB8208B43EA57B0B97CC8E707;2226004702025000000000000006A0E0DAEBDED64702A7643D368CB9F0A804088C5EA6FD0BAFAC8DF67;2246004701682222600470202506A38AAADD79D52D7291C33E5CFC8F57AB6E78BAF9A5977B990B8E9C0;;66;6;Био;15-06-22;ген;Комплект_10;2216004701845;2226004702025;2246004701682;00470145;;54317;task_bio_v54317.tix
2216004701852000000000000006A367AAD3A9D5C0729F133EB1FC8187AB8378B429A57A7B97DB8E710;2226004702032000000000000006A0E1AAEBC9D64672A7733D37FCB9E7A805788C49A6FC7BAFBB8DF70;2246004701699222600470203206A38B1ADD62D52CC291D83E5D4C8F4CAB6FC8BAE2A596CB99108E9DB;;66;6;Био;15-06-22;ген;Комплект_10;2216004701852;2226004702032;2246004701699;00470146;;53525;task_bio_v53525.tix
2216004701869000000000000006A3641AD392D5C3C29F283EB24C81BCAB80C8B412A579CB97E08E72B;2226004702049000000000000006A0E61AEBB2D641C2A7083D304CB99CA802C88C32A6FBCBAFC08DF0B;2246004701705222600470204906A392DADCFED5350290443E448C8ED0AB7608BB7EA58F0B988C8E847;;66;6;Био;15-06-22;ген;Комплект_10;2216004701869;2226004702049;2246004701705;00470147;;52733;task_bio_v52733.tix
2216004701876000000000000006A365EAD38DD5C2329F373EB3BC81A3AB8138B40DA5783B97FF8E734;2226004702056000000000000006A0E7EAEBADD64032A7173D31BCB983A803388C2DA6FA3BAFDF8DF14;2246004701712222600470205606A393AADCE9D5347290533E45FC8EC7AB7778BB69A58E7B989B8E850;;66;6;Био;15-06-22;ген;Комплект_10;2216004701876;2226004702056;2246004701712;00470148;;51941;task_bio_v51941.tix
2216004701883000000000000006A36ABAD378D5CD629FC23EBCEC8156AB8E68B4F8A5776B970A8E7C1;2226004702063000000000000006A0E4BAEB98D64362A7223D32ECB9B6A800688C18A6F96BAFEA8DF21;2246004701729222600470206306A3901ADCD2D537C290683E464C8EFCAB74C8BB52A58DCB98A08E86B;;66;6;Био;15-06-22;ген;Комплект_10;2216004701883;2226004702063;2246004701729;00470149;;54317;task_bio_v54317.tix
2216004701890000000000000006A36B8AD36BD5CC529FD13EBDDC8145AB8F58B4EBA5765B97198E7D2;2226004702070000000000000006A0E58AEB8BD64252A7313D33DCB9A5A801588C0BA6F85BAFF98DF32;2246004701736222600470207006A391EADCCDD5363290773E47BC8EE3AB7538BB4DA58C3B98BF8E874;;66;6;Био;15-06-22;ген;Комплект_10;2216004701890;2226004702070;2246004701736;00470150;;53525;task_bio_v53525.tix
2216004701906000000000000006A372EAD2FDD5D5329E473EA4BC80D3AB9638B57DA56F3B968F8E644;2226004702087000000000000006A0EAFAEB7CD64D22A7C63D3CACB952A80E288CFCA6F72BAF0E8DFC5;2246004701743222600470208706A396BADCB8D5316290023E40EC8E96AB7268BB38A58B6B98CA8E801;;66;6;Био;15-06-22;ген;Комплект_10;2216004701906;2226004702087;2246004701743;00470151;;51941;task_bio_v51941.tix
2216004701913000000000000006A373BAD2E8D5D4629E523EA5EC80C6AB9768B568A56E6B969A8E654;2226004702094000000000000006A0EBCAEB6FD64C12A7D53D3D9CB941A80F188CEFA6F61BAF1D8DFD3;2246004701750222600470209406A3978ADCABD5305290113E41DC8E85AB7358BB2BA58A5B98D98E817;;66;6;Био;15-06-22;ген;Комплект_11;2216004701913;2226004702094;2246004701750;00470152;;52733;task_bio_v52733.tix
2216004701920000000000000006A3708AD2DBD5D7529E613EA6DC80F5AB9458B55BA56D5B96A98E667;2226004702100000000000000006A0F28AEAFBD65552A6413D24DCB8D5A816588D7BA6EF5BAE898DE47;2246004701767222600470210006A394FADC9CD5332290263E42AC8EB2AB7028BB1CA5892B98EE8E820;;66;6;Био;15-06-22;ген;Комплект_11;2216004701920;2226004702100;2246004701767;00470153;;53525;task_bio_v53525.tix
2216004701937000000000000006A371FAD2CCD5D6229E763EA7AC80E2AB9528B54CA56C2B96BE8E670;2226004702117000000000000006A0F3FAEAECD65422A6563D25ACB8C2A817288D6CA6EE2BAE9E8DE50;2246004701774222600470211706A395CADC8FD5321290353E439C8EA1AB7118BB0FA5881B98FD8E833;;66;6;Био;15-06-22;ген;Комплект_11;2216004701937;2226004702117;2246004701774;00470154;;51941;task_bio_v51941.tix
2216004701944000000000000006A376CAD2BFD5D1129E053EA09C8091AB9218B53FA56B1B96CD8E603;2226004702124000000000000006A0F0CAEADFD65712A6653D269CB8F1A814188D5FA6ED1BAEAD8DE63;2246004701781222600470212406A39A9ADC7AD53D4290C03E4CCC8E54AB7E48BBFAA5874B98088E8C6;;66;6;Био;15-06-22;ген;Комплект_11;2216004701944;2226004702124;2246004701781;00470155;;54317;task_bio_v54317.tix
2216004701951000000000000006A3779AD2AAD5D0429E103EA1CC8084AB9348B52AA56A4B96D88E616;2226004702131000000000000006A0F19AEACAD65642A6703D27CCB8E4A815488D4AA6EC4BAEB88DE76;2246004701798222600470213106A39B0ADC63D53CD290D93E4D5C8E4DAB7FD8BBE3A586DB98118E8DF;;66;6;Био;15-06-22;ген;Комплект_11;2216004701951;2226004702131;2246004701798;00470156;;51941;task_bio_v51941.tix
2216004701968000000000000006A3740AD293D5D3D29E293EA25C80BDAB90D8B513A569DB96E18E62F;2226004702148000000000000006A0F60AEAB3D651D2A6093D205CB89DA812D88D33A6EBDBAEC18DE0F;2246004701804222600470214806A362CAD3FFD5C5129F453EB49C81D1AB8618B47FA57F1B978D8E743;;66;6;Био;15-06-22;ген;Комплект_11;2216004701968;2226004702148;2246004701804;00470157;;54317;task_bio_v54317.tix
2216004701975000000000000006A375DAD28ED5D2029E343EA38C80A0AB9108B50EA5680B96FC8E632;2226004702155000000000000006A0F7DAEAAED65002A6143D218CB880A813088D2EA6EA0BAEDC8DE12;2246004701811222600470215506A3639AD3EAD5C4429F503EB5CC81C4AB8748B46AA57E4B97988E756;;66;6;Био;15-06-22;ген;Комплект_11;2216004701975;2226004702155;2246004701811;00470158;;52733;task_bio_v52733.tix
2216004701982000000000000006A37AAAD279D5DD729EC33EACFC8057AB9E78B5F9A5677B960B8E6C5;2226004702162000000000000006A0F4AAEA99D65372A6233D22FCB8B7A810788D19A6E97BAEEB8DE25;2246004701828222600470216206A3600AD3D3D5C7D29F693EB65C81FDAB84D8B453A57DDB97A18E76F;;66;6;Био;15-06-22;ген;Комплект_11;2216004701982;2226004702162;2246004701828;00470159;;53525;task_bio_v53525.tix
2216004701999000000000000006A37B1AD262D5DCC29ED83EAD4C804CAB9FC8B5E2A566CB96108E6DE;2226004702179000000000000006A0F51AEA82D652C2A6383D234CB8ACA811C88D02A6E8CBAEF08DE3E;2246004701835222600470217906A361DAD3CED5C6029F743EB78C81E0AB8508B44EA57C0B97BC8E772;;66;6;Био;15-06-22;ген;Комплект_11;2216004701999;2226004702179;2246004701835;00470160;;51941;task_bio_v51941.tix
2216004702002000000000000006A0E2AAEBF9D64572A7433D34FCB9D7A806788C79A6FF7BAF8B8DF45;2226004702186000000000000006A0FAEAEA7DD65D32A6C73D2CBCB853A81E388DFDA6E73BAE0F8DEC1;2246004701842222600470218606A366AAD3B9D5C1729F033EB0FC8197AB8278B439A57B7B97CB8E705;;66;6;Био;15-06-22;ген;Комплект_11;2216004702002;2226004702186;2246004701842;00470161;;52733;task_bio_v52733.tix
2216004702019000000000000006A0E31AEBE2D644C2A7583D354CB9CCA807C88C62A6FECBAF908DF51;2226004702193000000000000006A0FBBAEA68D65C62A6D23D2DECB846A81F688DE8A6E66BAE1A8DEDB;2246004701859222600470219306A3671AD3A2D5C0C29F183EB14C818CAB83C8B422A57ACB97D08E711;;66;6;Био;15-06-22;ген;Комплект_11;2216004702019;2226004702193;2246004701859;00470162;;54317;task_bio_v54317.tix
2216004702026000000000000006A0E0EAEBDDD64732A7673D36BCB9F3A804388C5DA6FD3BAFAF8DF6E;2226004702209000000000000006A0C21AE9F2D665C2A5483D144CBBDCA826C88E72A6DFCBAD808DD41;2246004701866222600470220906A364EAD39DD5C3329F273EB2BC81B3AB8038B41DA5793B97EF8E72E;;66;6;Био;15-06-22;ген;Комплект_11;2216004702026;2226004702209;2246004701866;00470163;;53525;task_bio_v53525.tix
2216004702033000000000000006A0E1BAEBC8D64662A7723D37ECB9E6A805688C48A6FC6BAFBA8DF7B;2226004702216000000000000006A0C3EAE9EDD66432A5573D15BCBBC3A827388E6DA6DE3BAD9F8DD5E;2246004701873222600470221606A365BAD388D5C2629F323EB3EC81A6AB8168B408A5786B97FA8E73B;;66;6;Био;15-06-22;ген;Комплект_11;2216004702033;2226004702216;2246004701873;00470164;;52733;task_bio_v52733.tix
2216004702040000000000000006A0E68AEBBBD64152A7013D30DCB995A802588C3BA6FB5BAFC98DF08;2226004702223000000000000006A0C0BAE9D8D66762A5623D16ECBBF6A824688E58A6DD6BADAA8DD6B;2246004701880222600470222306A36A8AD37BD5CD529FC13EBCDC8155AB8E58B4FBA5775B97098E7C8;;66;6;Био;15-06-22;ген;Комплект_11;2216004702040;2226004702223;2246004701880;00470165;;54317;task_bio_v54317.tix
2216004702057000000000000006A0E7FAEBACD64022A7163D31ACB982A803288C2CA6FA2BAFDE8DF1F;2226004702230000000000000006A0C18AE9CBD66652A5713D17DCBBE5A825588E4BA6DC5BADB98DD78;2246004701897222600470223006A36BFAD36CD5CC229FD63EBDAC8142AB8F28B4ECA5762B971E8E7DF;;66;6;Био;15-06-22;ген;Комплект_11;2216004702057;2226004702230;2246004701897;00470166;;51941;task_bio_v51941.tix
2216004702064000000000000006A0E4CAEB9FD64312A7253D329CB9B1A800188C1FA6F91BAFED8DF29;2226004702247000000000000006A0C6FAE9BCD66122A5063D10ACBB92A822288E3CA6DB2BADCE8DD0A;2246004701903222600470224706A372BAD2F8D5D5629E423EA4EC80D6AB9668B578A56F6B968A8E64E;;66;6;Био;15-06-22;ген;Комплект_12;2216004702064;2226004702247;2246004701903;00470167;;53525;task_bio_v53525.tix
2216004702071000000000000006A0E59AEB8AD64242A7303D33CCB9A4A801488C0AA6F84BAFF88DF3C;2226004702254000000000000006A0C7CAE9AFD66012A5153D119CBB81A823188E2FA6DA1BADDD8DD19;2246004701910222600470225406A3738AD2EBD5D4529E513EA5DC80C5AB9758B56BA56E5B96998E65D;;66;6;Био;15-06-22;ген;Комплект_12;2216004702071;2226004702254;2246004701910;00470168;;54317;task_bio_v54317.tix
2216004702088000000000000006A0EA0AEB73D64DD2A7C93D3C5CB95DA80ED88CF3A6F7DBAF018DFC5;2226004702261000000000000006A0C49AE99AD66342A5203D12CCBBB4A820488E1AA6D94BADE88DD2C;2246004701927222600470226106A370FAD2DCD5D7229E663EA6AC80F2AB9428B55CA56D2B96AE8E66A;;66;6;Био;15-06-22;ген;Комплект_12;2216004702088;2226004702261;2246004701927;00470169;;52733;task_bio_v52733.tix
2216004702095000000000000006A0EBDAEB6ED64C02A7D43D3D8CB940A80F088CEEA6F60BAF1C8DFD8;2226004702278000000000000006A0C50AE983D662D2A5393D135CBBADA821D88E03A6D8DBADF18DD35;2246004701934222600470227806A371CAD2CFD5D6129E753EA79C80E1AB9518B54FA56C1B96BD8E679;;66;6;Био;15-06-22;ген;Комплект_12;2216004702095;2226004702278;2246004701934;00470170;;51941;task_bio_v51941.tix
2216004702101000000000000006A0F29AEAFAD65542A6403D24CCB8D4A816488D7AA6EF4BAE888DE4C;2226004702285000000000000006A0CADAE97ED66D02A5C43D1C8CBB50A82E088EFEA6D70BAD0C8DDC8;2246004701941222600470228506A3769AD2BAD5D1429E003EA0CC8094AB9248B53AA56B4B96C88E60C;;66;6;Био;15-06-22;ген;Комплект_12;2216004702101;2226004702285;2246004701941;00470171;;53525;task_bio_v53525.tix
2216004702118000000000000006A0F30AEAE3D654D2A6593D255CB8CDA817D88D63A6EEDBAE918DE55;2226004702292000000000000006A0CBAAE969D66C72A5D33D1DFCBB47A82F788EE9A6D67BAD1B8DDDF;2246004701958222600470229206A3770AD2A3D5D0D29E193EA15C808DAB93D8B523A56ADB96D18E615;;66;6;Био;15-06-22;ген;Комплект_12;2216004702118;2226004702292;2246004701958;00470172;;51941;task_bio_v51941.tix
2216004702125000000000000006A0F0DAEADED65702A6643D268CB8F0A814088D5EA6ED0BAEAC8DE68;2226004702308000000000000006A0D20AE8F3D675D2A4493D045CBADDA836D88F73A6CFDBAC818DC45;2246004701965222600470230806A374DAD29ED5D3029E243EA28C80B0AB9008B51EA5690B96EC8E628;;66;6;Био;15-06-22;ген;Комплект_12;2216004702125;2226004702308;2246004701965;00470173;;52733;task_bio_v52733.tix
2216004702132000000000000006A0F1AAEAC9D65672A6733D27FCB8E7A815788D49A6EC7BAEBB8DE7F;2226004702315000000000000006A0D3DAE8EED67402A4543D058CBAC0A837088F6EA6CE0BAC9C8DC58;2246004701972222600470231506A375AAD289D5D2729E333EA3FC80A7AB9178B509A5687B96FB8E63F;;66;6;Био;15-06-22;ген;Комплект_12;2216004702132;2226004702315;2246004701972;00470174;;54317;task_bio_v54317.tix
2216004702149000000000000006A0F61AEAB2D651C2A6083D204CB89CA812C88D32A6EBCBAEC08DE04;2226004702322000000000000006A0D0AAE8D9D67772A4633D06FCBAF7A834788F59A6CD7BACAB8DC6F;2246004701989222600470232206A37A1AD272D5DDC29EC83EAC4C805CAB9EC8B5F2A567CB96008E6C4;;66;6;Био;15-06-22;ген;Комплект_12;2216004702149;2226004702322;2246004701989;00470175;;51941;task_bio_v51941.tix
2216004702156000000000000006A0F7EAEAADD65032A6173D21BCB883A813388D2DA6EA3BAEDF8DE1B;2226004702339000000000000006A0D11AE8C2D676C2A4783D074CBAECA835C88F42A6CCCBACB08DC77;2246004701996222600470233906A37BEAD26DD5DC329ED73EADBC8043AB9F38B5EDA5663B961F8E6D8;;66;6;Био;15-06-22;ген;Комплект_12;2216004702156;2226004702339;2246004701996;00470176;;53525;task_bio_v53525.tix
2216004702163000000000000006A0F4BAEA98D65362A6223D22ECB8B6A810688D18A6E96BAEEA8DE2D;2226004702346000000000000006A0D6EAE8BDD67132A4073D00BCBA93A832388F3DA6CB3BACCF8DC08;2246004702009222600470234606A0E21AEBF2D645C2A7483D344CB9DCA806C88C72A6FFCBAF808DF47;;66;6;Био;15-06-22;ген;Комплект_12;2216004702163;2226004702346;2246004702009;00470177;;54317;task_bio_v54317.tix
2216004702170000000000000006A0F58AEA8BD65252A6313D23DCB8A5A811588D0BA6E85BAEF98DE3E;2226004702353000000000000006A0D7BAE8A8D67062A4123D01ECBA86A833688F28A6CA6BACDA8DC1D;2246004702016222600470235306A0E3EAEBEDD64432A7573D35BCB9C3A807388C6DA6FE3BAF9F8DF58;;66;6;Био;15-06-22;ген;Комплект_12;2216004702170;2226004702353;2246004702016;00470178;;52733;task_bio_v52733.tix
2216004702187000000000000006A0FAFAEA7CD65D22A6C63D2CACB852A81E288DFCA6E72BAE0E8DEC9;2226004702360000000000000006A0D48AE89BD67352A4213D02DCBAB5A830588F1BA6C95BACE98DC2E;2246004702023222600470236006A0E0BAEBD8D64762A7623D36ECB9F6A804688C58A6FD6BAFAA8DF6D;;66;6;Био;15-06-22;ген;Комплект_12;2216004702187;2226004702360;2246004702023;00470179;;54317;task_bio_v54317.tix
2216004702194000000000000006A0FBCAEA6FD65C12A6D53D2D9CB841A81F188DEFA6E61BAE1D8DEDA;2226004702377000000000000006A0D5FAE88CD67222A4363D03ACBAA2A831288F0CA6C82BACFE8DC39;2246004702030222600470237706A0E18AEBCBD64652A7713D37DCB9E5A805588C4BA6FC5BAFB98DF7E;;66;6;Био;15-06-22;ген;Комплект_12;2216004702194;2226004702377;2246004702030;00470180;;53525;task_bio_v53525.tix
2216004702200000000000000006A0C28AE9FBD66552A5413D14DCBBD5A826588E7BA6DF5BAD898DD4E;2226004702384000000000000006A0DACAE87FD67D12A4C53D0C9CBA51A83E188FFFA6C71BAC0D8DCCA;2246004702047222600470238406A0E6FAEBBCD64122A7063D30ACB992A802288C3CA6FB2BAFCE8DF09;;66;6;Био;15-06-22;ген;Комплект_12;2216004702200;2226004702384;2246004702047;00470181;;51941;task_bio_v51941.tix
2216004702217000000000000006A0C3FAE9ECD66422A5563D15ACBBC2A827288E6CA6DE2BAD9E8DD44;2226004702391000000000000006A0DB9AE86AD67C42A4D03D0DCCBA44A83F488FEAA6C64BAC188DCC2;2246004702054222600470239106A0E7CAEBAFD64012A7153D319CB981A803188C2FA6FA1BAFDD8DF07;;66;6;Био;15-06-22;ген;Комплект_13;2216004702217;2226004702391;2246004702054;00470182;;53525;task_bio_v53525.tix
2216004702224000000000000006A0C0CAE9DFD66712A5653D169CBBF1A824188E5FA6DD1BADAD8DD77;2226004702407000000000000006A0A2FAEFFCD60522A3463D74ACBDD2A84628887CA6BF2BAB8E8DB54;2246004702061222600470240706A0E49AEB9AD64342A7203D32CCB9B4A800488C1AA6F94BAFE88DF32;;66;6;Био;15-06-22;ген;Комплект_13;2216004702224;2226004702407;2246004702061;00470183;;54317;task_bio_v54317.tix
2216004702231000000000000006A0C19AE9CAD66642A5703D17CCBBE4A825488E4AA6DC4BADB88DD62;2226004702414000000000000006A0A3CAEFEFD60412A3553D759CBDC1A84718886FA6BE1BAB9D8DB47;2246004702078222600470241406A0E50AEB83D642D2A7393D335CB9ADA801D88C03A6F8DBAFF18DF2B;;66;6;Био;15-06-22;ген;Комплект_13;2216004702231;2226004702414;2246004702078;00470184;;52733;task_bio_v52733.tix
2216004702248000000000000006A0C60AE9B3D661D2A5093D105CBB9DA822D88E33A6DBDBADC18DD1B;2226004702421000000000000006A0A09AEFDAD60742A3603D76CCBDF4A84448885AA6BD4BABA88DB72;2246004702085222600470242106A0EADAEB7ED64D02A7C43D3C8CB950A80E088CFEA6F70BAF0C8DFD6;;66;6;Био;15-06-22;ген;Комплект_13;2216004702248;2226004702421;2246004702085;00470185;;51941;task_bio_v51941.tix
2216004702255000000000000006A0C7DAE9AED66002A5143D118CBB80A823088E2EA6DA0BADDC8DD06;2226004702438000000000000006A0A10AEFC3D606D2A3793D775CBDEDA845D88843A6BCDBABB18DB6B;2246004702092222600470243806A0EBAAEB69D64C72A7D33D3DFCB947A80F788CE9A6F67BAF1B8DFC1;;66;6;Био;15-06-22;ген;Комплект_13;2216004702255;2226004702438;2246004702092;00470186;;53525;task_bio_v53525.tix
2216004702262000000000000006A0C4AAE999D66372A5233D12FCBBB7A820788E19A6D97BADEB8DD31;2226004702445000000000000006A0A6DAEFBED60102A3043D708CBD90A84208883EA6BB0BABCC8DB16;2246004702108222600470244506A0F20AEAF3D655D2A6493D245CB8DDA816D88D73A6EFDBAE818DE5B;;66;6;Био;15-06-22;ген;Комплект_13;2216004702262;2226004702445;2246004702108;00470187;;51941;task_bio_v51941.tix
2216004702279000000000000006A0C51AE982D662C2A5383D134CBBACA821C88E02A6D8CBADF08DD2D;2226004702452000000000000006A0A7AAEFA9D60072A3133D71FCBD87A843788829A6BA7BABDB8DB06;2246004702115222600470245206A0F3DAEAEED65402A6543D258CB8C0A817088D6EA6EE0BAE9C8DE41;;66;6;Био;15-06-22;ген;Комплект_13;2216004702279;2226004702452;2246004702115;00470188;;52733;task_bio_v52733.tix
2216004702286000000000000006A0CAEAE97DD66D32A5C73D1CBCBB53A82E388EFDA6D73BAD0F8DDD2;2226004702469000000000000006A0A41AEF92D603C2A3283D724CBDBCA840C88812A6B9CBABE08DB3D;2246004702122222600470246906A0F0AAEAD9D65772A6633D26FCB8F7A814788D59A6ED7BAEAB8DE76;;66;6;Био;15-06-22;ген;Комплект_13;2216004702286;2226004702469;2246004702122;00470189;;54317;task_bio_v54317.tix
2216004702293000000000000006A0CBBAE968D66C62A5D23D1DECBB46A82F688EE8A6D66BAD1A8DDC7;2226004702476000000000000006A0A5EAEF8DD60232A3373D73BCBDA3A84138880DA6B83BABFF8DB22;2246004702139222600470247606A0F11AEAC2D656C2A6783D274CB8ECA815C88D42A6ECCBAEB08DE6D;;66;6;Био;15-06-22;ген;Комплект_13;2216004702293;2226004702476;2246004702139;00470190;;53525;task_bio_v53525.tix
2216004702309000000000000006A0D21AE8F2D675C2A4483D044CBADCA836C88F72A6CFCBAC808DC5D;2226004702483000000000000006A0AABAEF78D60D62A3C23D7CECBD56A84E6888F8A6B76BAB0A8DBD7;2246004702146222600470248306A0F6EAEABDD65132A6073D20BCB893A812388D3DA6EB3BAECF8DE12;;66;6;Био;15-06-22;ген;Комплект_13;2216004702309;2226004702483;2246004702146;00470191;;51941;task_bio_v51941.tix
2216004702316000000000000006A0D3EAE8EDD67432A4573D05BCBAC3A837388F6DA6CE3BAC9F8DC42;2226004702490000000000000006A0AB8AEF6BD60C52A3D13D7DDCBD45A84F5888EBA6B65BAB198DBC4;2246004702153222600470249006A0F7BAEAA8D65062A6123D21ECB886A813688D28A6EA6BAEDA8DE07;;66;6;Био;15-06-22;ген;Комплект_13;2216004702316;2226004702490;2246004702153;00470192;;54317;task_bio_v54317.tix
2216004702323000000000000006A0D0BAE8D8D67762A4623D06ECBAF6A834688F58A6CD6BACAA8DC77;2226004702506000000000000006A0B2EAEEFDD61532A2473D64BCBCD3A85638897DA6AF3BAA8F8DA52;2246004702160222600470250606A0F48AEA9BD65352A6213D22DCB8B5A810588D1BA6E95BAEE98DE34;;66;6;Био;15-06-22;ген;Комплект_13;2216004702323;2226004702506;2246004702160;00470193;;52733;task_bio_v52733.tix
2216004702330000000000000006A0D18AE8CBD67652A4713D07DCBAE5A835588F4BA6CC5BACB98DC64;2226004702513000000000000006A0B3BAEEE8D61462A2523D65ECBCC6A857688968A6AE6BAA9A8DA47;2246004702177222600470251306A0F5FAEA8CD65222A6363D23ACB8A2A811288D0CA6E82BAEFE8DE23;;66;6;Био;15-06-22;ген;Комплект_13;2216004702330;2226004702513;2246004702177;00470194;;54317;task_bio_v54317.tix
2216004702347000000000000006A0D6FAE8BCD67122A4063D00ACBA92A832288F3CA6CB2BACCE8DC13;2226004702520000000000000006A0B08AEEDBD61752A2613D66DCBCF5A85458895BA6AD5BAAA98DA74;2246004702184222600470252006A0FACAEA7FD65D12A6C53D2C9CB851A81E188DFFA6E71BAE0D8DED0;;66;6;Био;15-06-22;ген;Комплект_13;2216004702347;2226004702520;2246004702184;00470195;;53525;task_bio_v53525.tix
2216004702354000000000000006A0D7CAE8AFD67012A4153D019CBA81A833188F2FA6CA1BACDD8DC00;2226004702537000000000000006A0B1FAEECCD61622A2763D67ACBCE2A85528894CA6AC2BAABE8DA63;2246004702191222600470253706A0FB9AEA6AD65C42A6D03D2DCCB844A81F488DEAA6E64BAE188DEC5;;66;6;Био;15-06-22;ген;Комплект_13;2216004702354;2226004702537;2246004702191;00470196;;51941;task_bio_v51941.tix
2216004702361000000000000006A0D49AE89AD67342A4203D02CCBAB4A830488F1AA6C94BACE88DC38;2226004702544000000000000006A0B6CAEEBFD61112A2053D609CBC91A85218893FA6AB1BAACD8DA1D;2246004702207222600470254406A0C2FAE9FCD66522A5463D14ACBBD2A826288E7CA6DF2BAD8E8DD5E;;66;6;Био;15-06-22;ген;Комплект_14;2216004702361;2226004702544;2246004702207;00470197;;51941;task_bio_v51941.tix
2216004702378000000000000006A0D50AE883D672D2A4393D035CBAADA831D88F03A6C8DBACF18DC21;2226004702551000000000000006A0B79AEEAAD61042A2103D61CCBC84A85348892AA6AA4BAAD88DA08;2246004702214222600470255106A0C3CAE9EFD66412A5553D159CBBC1A827188E6FA6DE1BAD9D8DD4D;;66;6;Био;15-06-22;ген;Комплект_14;2216004702378;2226004702551;2246004702214;00470198;;52733;task_bio_v52733.tix
2216004702385000000000000006A0DADAE87ED67D02A4C43D0C8CBA50A83E088FFEA6C70BAC0C8DCDC;2226004702568000000000000006A0B40AEE93D613D2A2293D625CBCBDA850D88913A6A9DBAAE18DA31;2246004702221222600470256806A0C09AE9DAD66742A5603D16CCBBF4A824488E5AA6DD4BADA88DD78;;66;6;Био;15-06-22;ген;Комплект_14;2216004702385;2226004702568;2246004702221;00470199;;53525;task_bio_v53525.tix
2216004702392000000000000006A0DBAAE869D67C72A4D33D0DFCBA47A83F788FE9A6C67BAC1B8DCCB;2226004702575000000000000006A0B5DAEE8ED61202A2343D638CBCA0A85108890EA6A80BAAFC8DA2C;2246004702238222600470257506A0C10AE9C3D666D2A5793D175CBBEDA825D88E43A6DCDBADB18DD61;;66;6;Био;15-06-22;ген;Комплект_14;2216004702392;2226004702575;2246004702238;00470200;;54317;task_bio_v54317.tix
2216004702408000000000000006A0A20AEFF3D605D2A3493D745CBDDDA846D88873A6BFDBAB818DB51;2226004702582000000000000006A0BAAAEE79D61D72A2C33D6CFCBC57A85E7889F9A6A77BAA0B8DADB;2246004702245222600470258206A0C6DAE9BED66102A5043D108CBB90A822088E3EA6DB0BADCC8DD1C;;66;6;Био;15-06-22;ген;Комплект_14;2216004702408;2226004702582;2246004702245;00470201;;53525;task_bio_v53525.tix
